economy,YR2004,YR2005,YR2006,YR2007,YR2008,YR2009,YR2010,YR2011,YR2012,YR2013,YR2014,YR2015,YR2016,YR2017,YR2018,YR2019,YR2020,YR2021,YR2022,YR2023,YR2024
ABW,0.0175662581169615,0.0173277773977134,0.0175077037289373,0.0178385963799542,0.0169973987102413,0.0199068534264945,0.0204920878910203,0.0203949029261921,0.0214687486582032,0.0178174631618829,0.0148129732019303,0.0125197907912791,0.018611754127868,0.023918578557175,0.0222530069695395,0.0184243247340194,0.0217006023554796,0.0299985466651702,0.0342144315332219,,
AFE,10.0517582138612,9.96435509379107,10.263076702081,11.1719463183513,12.3951575283608,12.6634182446055,11.5097433507165,10.3947360711001,11.1428276413639,11.4902471456998,12.2765768281439,13.0150928784089,12.8864676029798,12.4624744974616,11.9917475435429,12.9537634387917,14.7341526462305,13.7287411103208,14.1855226450872,15.3330728318336,15.2652577337707
AFG,29.7210671376957,31.114854912062,28.6359685844686,30.1050113574013,24.8922700059742,29.2975010547259,26.2100685374552,23.7436639877543,24.390873626371,22.8106627361766,22.1370413719574,20.6343227166798,25.7403140364582,26.4201990834448,22.0428967527575,25.7739707394105,29.9755825210461,33.5976188725451,33.7014323213923,34.7432471445174,
AFW,23.8523787497793,23.373343450223,22.3471365216362,22.0524207375012,22.6036427782507,23.7054751605669,22.1321259229871,20.5195249610199,20.3387845143841,19.6196962949451,19.1933020924046,20.1785871076173,20.5964688025564,20.3567689816218,20.5495360041941,23.46549545554,25.39817780829,25.6229936588144,25.3717465088187,24.1528889551845,22.5554093483584
AGO,10.3635914449926,8.56536731681355,8.44100897843275,8.61624042186554,7.81831803295795,10.3661474573001,10.0913068588653,9.55630602216444,9.69697932366603,10.3295507034404,11.4782158930109,13.6637723279796,14.6711413269562,14.9283260019113,13.3397905678931,12.3911585673156,15.0223674268676,16.561923695764,18.9890929801653,20.6897623256468,22.0693262844667
ALB,18.5630799913995,17.1247178955729,16.0415750334868,15.5325494481234,15.422100399492,15.2792217271528,16.3586081914252,16.7202229491786,17.5913685516371,18.924817420614,19.2377589164282,18.7471602773412,19.167190753497,18.079078214296,17.9155558179549,18.1603973706713,18.8061378649169,17.793224984541,16.9844754476574,16.2742388313006,15.4519031294331
AND,0.414741997881256,0.380576808035011,0.353522338328863,0.368796683946436,0.406917963904405,0.418928933319218,0.466508601972863,0.490560827241276,0.601164453935572,0.585558984254785,0.537623493009676,0.513420109683398,0.521999648433619,0.559538512516191,0.546367882815281,0.522633248415779,0.559442769715814,0.531844879169824,0.487491862156614,0.47849213558896,0.46592379640818
ARB,6.61713230697988,5.82687697381646,5.59918260735862,5.60533067737075,5.08487649997185,6.14797951839261,5.69095013201033,5.12687606147852,4.65022581848911,4.7640741333166,4.97937287519455,5.61711463955109,5.42373027814235,4.9760123743283,4.62238947180673,4.79134395024651,5.60548271072935,4.87546801574335,4.33056895649595,4.96899737457755,5.38212011018352
ARE,1.66536190905993,1.39540987408529,1.09424400194674,0.976671167666283,0.82730546409323,1.03688688860825,0.732284398165927,0.650173172827368,0.627714840690063,0.631291645173813,0.625601940820607,0.716283764709908,0.740803620343316,0.753700320921749,0.705642980623094,0.734628769937638,0.962965730130207,0.890347914421406,0.740896924545652,0.764068711477443,0.769419245488961
ARG,8.36248661002826,7.93875427420938,6.93557229126392,7.45235394606923,7.3189545972436,5.2736234689014,7.13216745078964,6.99873377022519,5.7817442068501,6.05291843670451,6.71270351428559,5.1566859021408,6.26456582010254,5.23162237725058,4.53787889681146,5.3185559967348,6.35703367575527,7.29128249622041,6.54156940484837,5.8467786039069,5.80601710915959
ARM,,,,,,,,,17.9126819526397,18.4347628834968,18.0720363470662,17.2231200318056,16.39047353385,14.9942601242776,13.9423116554146,11.5256107379588,11.3498051554549,11.3435484176857,10.1467039255683,8.10223799188799,7.80588621754673
ASM,,,,,,,,,,,,,,,,,,,,,
ATG,1.24102789876908,1.32911556344139,1.23269847041978,1.17905441578912,1.13038950169178,1.11203119991452,1.21464881302167,1.41518526297013,1.37701946118754,1.48400040236501,1.44123185699971,1.44568317612291,1.45850375317323,1.66091151055353,1.62679191195975,1.64671204635507,2.27894065728784,2.08080004808426,1.95566032307286,1.94326780682544,
AUS,3.05821916621123,2.88921493532413,2.74011319183189,2.21281034154067,2.35417910776003,2.31423570641201,2.21824837320556,2.30485962261499,2.27317856495351,2.29076813252161,2.22695769265967,2.37664391487055,2.41300232330254,2.72098319651067,2.47191752630847,2.12424911197662,2.01512715396535,2.30537875480088,2.67242699950618,2.57169831894523,2.03565265249391
AUT,1.4931762753994,1.28239498294254,1.32751796800624,1.46196340335606,1.38504114785417,1.17655306368833,1.29288595990855,1.46130648071081,1.41768134316306,1.27784992108872,1.27555801772568,1.14362854172989,1.14928264077268,1.19990203076681,1.10911414021412,1.04463413653499,1.07138113272871,1.2152388657488,1.34649596457301,1.24176172038934,1.21663375792448
AZE,10.9880190382406,9.14753443801158,7.09103711685568,6.54008215652051,5.57089184098542,6.12193306461806,5.54456611326975,5.07622595138436,5.13976950772418,5.3662644804235,5.31940671805552,6.17763883780802,5.60511177455763,5.60736901068842,5.21238076212356,5.69538024963307,6.7389474235341,5.72598365721349,4.61220830811053,5.51058894617326,5.65717090005303
BDI,41.9026049689034,40.8481233922949,40.6376822658218,34.9341719197591,38.0048233017065,36.8532403738342,38.4305452876335,36.7043515146528,35.5104159871754,38.3671182602277,34.9578238431604,35.2477391830275,35.5553158342758,37.4034350043265,35.3539025487206,34.2483545998177,30.5448278523738,33.162974332658,34.6837209386611,33.4272042033939,34.9089728751407
BEL,1.02291054131515,0.840639973990251,0.907269380581052,0.887523940039387,0.712338067185966,0.718679660856589,0.847918635049212,0.726239843441003,0.84457469539348,0.764565477908541,0.716518219283319,0.750617272066574,0.673190543684684,0.729532583142538,0.664625571120094,0.718789583537128,0.712818023641571,0.654899384879513,0.671430411514796,0.774565666013089,0.791636827597192
BEN,26.5208492800284,26.6894285026991,26.631803428758,26.9710869666408,26.8261561852139,26.9789553760994,25.8411354962681,25.7970008253273,25.7689758312295,25.2754046390823,25.6184529738008,26.3920850925037,27.7536354980493,28.4890165273264,28.0647739127077,26.8758016258337,27.1091750361118,28.5289506098592,26.8966787968124,25.4019723667563,24.2317229519649
BFA,23.3814384513092,26.7709190270281,25.2289761645165,21.8394874058463,27.314280245881,23.2048471286094,24.1433866229434,23.043650452489,23.7560050181575,23.6410927919708,23.6937727725999,22.6464984902029,21.7147178290213,20.5855872188282,20.9974732840091,18.2205245524421,17.9151635677562,17.2902157538449,20.6297606481805,19.00655933992,20.9326147949123
BGD,19.2669595662859,18.5710395455964,18.0340165108542,17.8065367823955,17.5956955421992,17.1046290519632,17.0011812592919,16.8099867573503,16.1775631732753,15.4932779975908,15.3516208986344,14.7829964369364,13.4647923176039,12.9572760433733,12.4800771856196,11.9753231358984,11.9996868602485,11.6328584271282,11.2176010351595,11.0036900209598,11.1648014276903
BGR,8.45218537659142,7.28368572889434,6.09628492053004,4.65178489194212,5.86962692201849,4.23578565966123,4.03250076157469,4.66136906796064,4.43014002376589,4.51541694501881,4.55871704995626,4.06197577427238,4.0548985296075,4.04317689807308,3.40461542057457,3.20205597512235,3.43599846300539,4.32894729732106,3.71136413583789,2.52244655399312,2.35105625712058
BHR,,,0.268763501054214,0.29227169028013,0.264810236570707,0.337284356568349,0.285542784290186,0.279873967809159,0.265180259339138,0.264280047210277,0.287965783699072,0.301911232209971,0.315996684624948,0.27707464645461,0.275112316804637,0.268674381904261,0.303155113748103,0.268626041292218,0.246160469147506,0.251492806718451,0.245503085002405
BHS,1.16175185996252,1.06443545271548,1.17042464776611,1.09339124571261,1.04313129393882,0.9096409923502,1.09749043162674,1.09230471329484,1.07272116712063,0.927897053067693,0.838487849108097,0.815199026829763,0.877037934836586,0.770472969173047,0.677109335996006,0.53475935828877,0.775822139879574,0.454432167483592,0.414483909964884,0.454447231080524,0.514754181193472
BIH,8.58349407590767,8.29736825390212,8.05428927250657,7.70495340963332,7.20727201234942,7.07660163466849,6.79676215913764,6.75774539555131,6.13767155368512,6.84139087123356,5.951057525171,6.0375681759839,6.16559062107215,5.4310487956715,5.71878250722931,5.45004156140876,5.91443908988891,5.01931841754809,4.82624927062683,4.65322230628352,4.53391375315725
BLR,8.85025144123636,8.51859080856531,8.57872759155765,8.30316995882275,8.66625369440669,8.13089893610657,8.89193022882009,8.00188774430829,8.13094268308472,6.80909244753712,7.30305697730942,6.2832075832437,6.89528062433517,7.56580253848292,6.59010772590188,6.79466882799274,7.07723976895662,6.70661864890688,8.04181871674039,7.2485995714987,6.86597984969187
BLZ,10.3458143896381,9.74017200317114,9.51992221636579,8.69270778065837,8.33436394275924,8.54570263168925,8.74676184244561,8.86425886505326,10.3744672571643,10.079376070492,10.1795484159839,9.6138851978219,7.70348583128466,8.56166290071626,7.16456851710216,6.5560913222365,8.3571697847969,7.89550385123154,7.74858121747759,8.13711634166406,7.94787809260727
BMU,0.844158464897229,0.80164153178958,,,,,0.286094289177554,0.312941026259641,0.281396534564362,0.328283343819346,0.211116703055883,0.227889496811275,0.307018452846711,0.274700811333467,0.234985525140753,0.220961505173123,0.255482358707918,0.290986177436411,0.218544162391939,0.192522835933524,
BOL,13.3223836388477,11.7927215329112,10.9375480546288,10.011155665672,10.4424041155226,11.1524074497311,10.3899057010594,9.7695858816954,9.8121619148328,9.9669794768463,9.74021753770169,10.2394941144455,11.1718754150532,7.67713722474752,7.45035399971013,7.63288264501605,9.12405586834666,8.81001912255763,8.66028481306177,9.31098009756551,8.82625884280481
BRA,5.66531157678895,4.65116882266178,4.37004377895807,4.41691543617235,4.56785118104723,4.47677399214453,4.11575648647055,4.34203412828906,4.16832822424109,4.50688618165956,4.32561053877362,4.31914942931221,4.89135358721066,4.6005916952048,4.4203993034602,4.2050140951087,5.7114851151592,6.55876261207381,5.76747490842218,6.02306023514157,5.7522764094249
BRB,1.64319930323704,1.58659510407121,1.45016267901105,1.34702257839806,1.29586496388702,1.43755847574072,1.60499920675492,1.56186540940474,1.64889047028092,1.81835827216262,1.75248194142974,1.63035371129226,1.69703591442569,1.80357724149459,2.16846191654379,2.26149614158086,3.09133446149009,1.98064749350573,1.44882278609711,1.65230332606514,1.57507618647515
BRN,1.17049480864283,0.974611267785546,0.754742504053329,0.726342513402553,0.69216612734937,0.979917546380161,0.733349877488411,0.572775314042004,0.655156683935105,0.684937439812632,0.862827317122997,1.10321250063154,1.20365462606268,1.08645090330462,1.01764195887903,0.986055130118515,1.21750283610591,1.25629022275081,1.09616028876241,1.17312222164113,1.17447674380916
BTN,19.3785149554207,18.0339346830792,17.3412992346729,14.9062410213406,14.4876928759977,14.005454995288,12.4128589573486,11.7996340560809,11.5729895457402,11.8526302443834,12.0637822394106,11.9950705393551,12.0023717482714,12.9297924115136,13.5509200361014,12.9339527848851,15.703075564462,15.7947840049801,14.6710119560904,14.9931086936318,
BWA,2.25958534959102,1.82838052405033,1.73893509424301,1.92668435755015,2.14007027610337,2.37598419625963,2.0910409188325,2.11892300680962,2.3148110827158,1.99354322327234,1.81959835253259,1.94776486758829,1.97588757367029,1.8419939490754,2.11731083204729,2.08342949351655,2.20806905804054,1.78859292903854,1.57978982179367,1.66461568857115,1.71216219230959
CAF,,,,,,38.3338681608926,37.3635795959409,37.5690227836114,36.8141664735428,32.2589062460725,33.9856217226143,31.5273810283745,31.9189914897237,32.7901712257048,31.2413315121572,28.3418324649438,29.4959372264099,35.7553299980455,36.2171100024119,28.6110555239693,27.8986367879887
CAN,2.16781311109181,1.88031145780062,1.70101845949482,1.58716073171659,1.76827354801333,1.5498932753953,1.49323608111661,1.76566446625627,1.81134574390941,1.89423151227836,1.58654807741954,1.86983594598587,1.86222589313529,1.88999463244888,1.69989157622406,1.69707935336103,1.83978931118122,1.59798786504057,,,
CEB,4.35141305815547,3.69662884714467,3.49533703657685,3.33089582518213,3.29172453328814,3.05124085605314,2.9606019608525,3.39882401312078,3.15471936779231,3.40491043717543,3.27916971979306,2.93244364442644,2.93959576881542,3.0765215602674,2.8086324477749,2.71589688065228,2.80601417152088,2.7955608567157,2.93065631646351,2.68285388574743,2.44194375643594
CHE,0.934999580301804,0.818619332578622,0.753298112550259,0.773162582920631,0.783533938641809,0.722507576681507,0.662940574514361,0.676699830016967,0.634586963665186,0.662533713556518,0.708877666889646,0.62644626050893,0.658010471667002,0.631333510334041,0.643750702339479,0.647745526895984,0.705477633321729,0.627567424184859,0.616379798814859,0.624912461460987,0.628699475474558
CHI,,,,,,,,,,,,,0.77509060316217,0.807953278639483,0.767487166202,0.747910703064867,0.65071518437109,0.726325617227433,0.65038305783139,0.59887341153067,
CHL,3.75826582540335,3.92221193789503,3.71204514365714,3.55057108879902,3.42443226132978,3.69712695588486,3.47828463189786,3.62618323583881,3.27493353961752,3.47337532789926,3.94662062999462,3.7094042753649,4.19908937129196,4.28097161377037,3.92743592461123,3.987812171379,4.04542684409947,3.50586436813615,3.23467925849162,3.49022733362425,3.91236351235161
CHN,12.7288429360401,11.4828123533826,10.4758623658001,10.0934194559262,10.0099770734138,9.47299581661597,9.16649906130733,9.0338458593332,8.96505673533992,8.78442131602471,8.48242940933654,8.22401359479525,7.90065017505416,7.32839239286042,6.91714289236836,7.00621575788341,7.54018198521241,7.08935251618004,7.14788692830171,6.88951941080068,6.77599881291286
CIV,16.640018984398,16.0651853584803,15.9447949066292,15.5787463255399,16.1854841829726,15.2495816385759,17.4889170707842,18.4866714886447,16.3751498758861,15.3429019354945,15.2417555256185,18.3620416868752,17.4349684074971,16.9409871496938,17.8526014022659,15.6882063635315,16.9334154768944,16.1805529630135,16.5843332097616,15.9442578438607,15.8594343780948
CMR,17.5609527218813,16.734176851979,15.6250817945247,15.8575319059376,16.0011918854665,16.3871903453991,17.2697108767217,16.6973907363193,16.6572401682217,16.7236611922507,16.8258381780095,17.2094159041593,17.1926623891151,16.6929418227731,16.4988006978593,16.8022835644401,17.4968650540914,16.9592035415957,16.5461644132745,17.0996372773511,18.4619478775351
COD,23.8793594908244,19.8446510872333,20.3859027537723,18.2652590798129,18.2329625593996,17.2150539616489,28.8558506334207,15.741544467002,15.3232580698254,13.6738761208634,12.488689362081,12.456053797914,12.2895509013421,12.2591059827241,12.3021936655493,13.1512157041087,13.7461066368954,11.3157062519,10.3370074738162,10.3773951595278,9.63547904603754
COG,5.50940630344491,6.10423786651851,4.81314641849445,4.91981108062473,4.24815097163364,5.27993327507586,4.03853452122591,3.98393619152519,3.79877492298434,4.26008218811564,4.55765474287642,5.81058893116428,6.76365035154121,7.30993971951451,6.78839255400222,7.3469917082119,10.6904243097029,9.09674868938002,8.0419106943363,8.95211587630601,9.44033974046224
COL,7.91098316231374,7.52726670177951,7.18676953071771,6.93455867595786,6.6873848504052,6.68974069628809,6.32485387641069,6.09169610822215,5.58268705354932,5.39271495449472,5.44695721474421,5.98042480849816,6.60641226605787,6.38966355268118,6.22570968960033,6.41072082168314,7.50848046663348,7.77187301385002,8.83154473689041,8.80792294653033,9.28279635992211
COM,29.376019929184,29.3762739037829,29.3763406198683,28.956646255431,29.138915008097,30.0330064008618,30.4159781805447,30.5642731114282,30.1730899214364,30.7898620479495,30.0114514473366,30.5986282117727,31.3684720287721,31.8988868689753,33.7201530680832,35.6200979800592,35.7974035855048,35.2409487995918,35.164324124624,35.9427703872294,36.6265029276374
CPV,9.86346771915503,9.00118732269349,8.3187121345924,6.09468707137093,5.31578241870627,6.02632246585572,5.82909277007133,5.39925327001121,5.79088758494564,5.82359125603063,5.73506923863287,6.4082863760272,6.31352277353712,5.37533502619645,4.52276867410321,4.437360866953,6.19132745485182,5.97147405923183,4.95404868851136,4.85483833304009,4.91558593625836
CRI,8.85240876800238,8.62223694626727,8.42982819706634,7.91531104342903,6.97696046934205,7.04962970066208,6.48518940835947,5.59987212230861,5.13084191429059,4.78335093294853,4.88788378983139,4.74911042904841,4.9143557868633,4.69977633159901,4.48382833722173,4.20205116302465,4.34422556035497,4.36671325937127,4.14007362090085,3.80047657288839,3.56242614167823
CSS,2.62836993207813,2.25496480906197,3.79274592838599,3.45494604460921,3.32890136727533,4.07201041944932,3.90580730598485,3.5670037936334,3.71438952670355,3.79409223745019,3.69104107664632,4.06153294296815,3.70327661919124,3.9772467122839,3.59492168752629,3.31592639180767,3.86692217059211,3.55437206436495,3.32157532858077,3.50923107144464,3.41414928376689
CUB,5.4744391801691,4.36365221842694,3.40501452330934,3.90810167923978,3.81703869500364,3.93041237113402,3.61428926750404,3.60487027105378,3.85009775638835,3.92492352361694,3.93770588957314,3.83575415916853,3.9383388809409,3.80018101210528,3.78237294808932,3.56732632295441,2.7619420225054,0.882032508097678,0.800672255103121,1.40578740133741,1.23974637193497
CUW,0.559760348644267,0.588865493053005,0.557540406312578,0.637151950359926,0.643381307320106,0.45835259199559,0.441001800600715,0.309494637952041,0.188964645340471,0.227822359865052,0.207327469043548,0.205941926250781,0.169566818227653,0.166281799037794,0.214779231020139,0.231767415923432,0.268419094008961,0.259155789090013,0.266174394247715,0.268253397737773,0.278843714536945
CYM,,,0.233902314810638,0.249992681417999,0.262355093309578,0.314234469058315,0.312849105478957,0.329023791194155,0.330633489890753,0.34097532455926,0.357975839277623,0.378695338763108,0.39945773256778,0.418316555239566,0.408587438369759,0.414317120759666,0.435397889334994,0.454181072913047,0.46893990167683,0.415554016813388,
CYP,3.08333142687938,2.73852781486715,2.2759759957395,2.02353280851406,2.09331209487447,1.98881944002316,2.05766089497283,2.14531860991971,2.00128009868188,2.03633566673278,1.84487621232733,1.86798451841109,2.14376219902412,1.85263298228741,1.71813809861456,1.74820542874204,1.82533569194245,1.50250271739903,1.186076126012,1.15495918435607,1.15512812146527
CZE,2.40804306787699,2.28125770679761,2.16293341098596,2.08871530033094,1.92036584435566,1.75886230026321,1.52258196973334,1.96393230867654,2.23162666151254,2.34758315581321,2.39269564510297,2.25892571347988,2.14809736879598,2.10545968755889,1.96856224682798,1.89151770908811,1.94399138825301,1.75886666492278,2.07634975500264,2.14121915412639,1.89923535118143
DEU,0.948871367267906,0.72605784900095,0.716599757643703,0.822076767549622,0.837028054130878,0.670417045914746,0.775984032180357,0.924638957956395,0.911412934754651,0.927130138706706,0.915606456087681,0.708512712866412,0.730531013610999,0.860007620510574,0.742451289010288,0.833126017731138,0.728659526127881,0.753895620719434,0.994638278032481,0.929156663056282,0.914397651173374
DJI,,,,,,,,,,1.19392304728354,1.22411023326762,1.05900752644099,0.99558771996226,1.29424095183589,1.41671102035767,1.51935229833123,1.99744473588682,3.00716226184265,2.63101792247644,2.50202235262172,2.5119476858486
DMA,11.5393233251176,11.9146963375058,10.9500275550657,10.9932120101612,12.357929336965,13.2921985102394,12.1671107564725,13.1398699725745,12.5284705614395,14.0710957769054,13.5810858914367,13.5413888147951,13.5004110450215,11.743783940147,9.64769551837572,10.1167002012072,12.2529146098099,14.0151066545603,12.9438199575573,12.1097217072814,12.2243249927419
DNK,1.5968233470381,1.13056388790591,1.14680871658905,1.17038366975969,0.841682850350501,0.806945931238911,1.1884393485634,1.26832807403315,1.61758219917433,1.25664041508446,1.35342720224903,0.908318060929302,0.92879780499665,1.25985806734514,0.99704488734783,1.24122741169144,1.33752008668451,1.08103120928969,1.00228533729664,1.03787056976317,0.927722262099888
DOM,7.02047299255392,7.21193528375622,6.8587193196752,6.51157391056705,6.27099180121697,6.01021373970952,5.87493178504912,5.4136207001604,5.13892705786417,4.99410588425629,4.83780303264764,5.05883234424627,5.02704510564373,4.83760934052653,4.57147323875274,4.32511956961036,4.52252840237889,4.21567590284055,4.15371984188711,4.29425303998525,4.45398448187972
DZA,7.72217403415641,6.5592713699842,6.36600271426263,6.32601878401142,5.54975092049628,8.01121741497815,7.53171561491377,7.08352512171367,8.02697167412095,9.12007464194984,9.40707440856373,10.5327896965018,11.0683130545794,11.0318809304784,11.2438301354995,11.4791798857164,12.8341693887186,11.2354345605089,10.6470638553472,13.3692450434856,13.9597061505767
EAP,12.9536983869208,11.8122099317192,11.0512287674067,10.8694877538081,10.9561579927583,10.5094097721063,10.1975256492388,10.0929434104252,9.88587924415657,9.61477690185887,9.25058121137672,8.90602675144432,8.62209317549261,8.08616891121846,7.61395188703277,7.66612787248709,8.23883087078931,7.78065032198341,7.78071122818702,7.56561603757774,7.47924991372343
EAR,10.0142936084363,9.5966864045753,9.28126709520582,9.54745101891804,9.41810355163714,10.3110776326177,10.378100273426,10.1279141992918,9.89007005162801,10.0880061416666,10.304557324509,10.5948337484177,10.8469942860176,10.7170908608682,10.4068347929636,10.8107690863619,12.0261680289765,11.3926045443454,10.8304142359088,10.7059295734725,10.8126207052043
EAS,4.74608727610374,4.59178564039956,4.74064286722413,5.05883244444847,5.43240669014947,5.4583332819773,5.49976408256797,5.67425322064661,5.75563576939458,6.01213807657362,5.97034977243039,5.97538328174603,5.753005909813,5.54675614700343,5.31657929359943,5.37659998596406,5.79884482469789,5.67724592941453,5.79463585842321,5.63953651977272,5.59682081209811
ECA,10.0467677595998,9.51873750706302,8.3993819850228,7.75304359706211,7.60117802472286,8.13914375254926,8.94166719005801,8.64695145171495,8.25702496199668,7.76023867803137,7.97066571939136,8.50627730625609,8.27438850029128,7.65131431815789,7.35448287199092,7.6119783527836,8.0721594735132,7.52775235377456,7.65455761177535,7.05502363588276,6.56527607843324
ECS,2.20246124245058,2.02341537177686,1.92926794065637,1.96359265929034,1.99315316083226,1.90366385570805,2.06576607362,2.13488134453787,2.11140955757327,2.12532241659588,2.12141008324299,2.09180962357389,2.03590121272744,2.05810293950739,1.93099655635814,1.96452324614547,2.04194835684962,1.98083484099795,2.10500682035284,2.01179433771974,1.97080249580781
ECU,7.96891951563388,7.72632554619423,7.71967865189029,7.64839421670263,7.3493757008365,8.61225542007853,8.33021025899583,7.90853917487421,6.99944108995073,6.96320880489033,7.40439967003185,8.02049629728797,8.07212585894998,7.90222040951574,7.64505994805811,7.78676459859086,8.38574905899645,8.07999983280318,7.39303992355462,7.99547363333803,9.47610095074641
EGY,14.2699361219864,13.9816898792943,13.2372025254978,13.4201262083781,12.6302400893356,12.9979466513145,13.3407591579645,13.8691050980964,11.2727652713919,11.2743496022361,11.3377089201878,11.3940627685257,11.769316084742,10.9863806449848,10.8302490249025,10.6971354538956,11.1668239443487,11.4369326589725,10.9457535224737,10.6003111645036,13.7121128792805
EMU,1.852644772797,1.64267632188284,1.53214222930468,1.58508440174077,1.51794620855673,1.38732440061303,1.50673886156764,1.54996615884941,1.55529923779771,1.56839321346415,1.54905381439201,1.51320951971364,1.46470273542206,1.54589169317978,1.48610456277993,1.46584334151759,1.48501206042039,1.47301014054501,1.58314054698227,1.53136052781414,1.53368627686985
ERI,10.642274296598,22.6000002108942,24.59999989582,24.2659805873687,16.7763073752775,14.1242274354984,,,,,,,,,,,,,,,
ESP,3.11780935959045,2.75836581828682,2.40075384884813,2.4946614560374,2.35367195478016,2.24960158062983,2.41740898393438,2.3625185975353,2.39776671776239,2.60946207875576,2.52697678134345,2.72327046339292,2.81522075003094,2.80344676690393,2.70128254621885,2.51980122994951,2.78468031745976,2.76824927112995,2.36964000049424,2.6062235563618,2.75300596488807
EST,3.61869925607531,3.28668552534137,3.14382046697103,3.92534204177827,3.40126152586792,2.47104873277575,3.17092945309266,3.66566862923271,3.2843229052027,3.04742973666601,3.11496161660999,2.80642152865051,2.0715978609001,2.33885596628311,2.04938469969066,2.265648962634,1.93181527353408,1.94353771254558,2.44640859997873,1.71558125919165,1.76684782957851
ETH,38.6797549469264,41.1744985607337,42.5241701226393,42.2650121920913,45.1845583729593,45.8826942649105,41.4468200699758,41.2499638574537,44.3309427521463,41.2395055340925,38.5204496889284,36.0569753905786,34.6969564523634,33.7792813400479,31.2188066487174,33.6333246930874,35.5582700374118,37.5791137568863,37.6422268385035,35.7864807848152,34.7737782043855
EUU,1.9891109552166,1.74702866552399,1.64508937433903,1.69504988415638,1.63388775693041,1.48905078559995,1.60597205618785,1.68518678533042,1.67064795245304,1.69518141405065,1.66939052947623,1.60459993909443,1.56450601648718,1.66295063143369,1.58229790029003,1.56725883047671,1.59114333943186,1.57355583503106,1.68287493684909,1.63268780666148,1.61420719746069
FCS,19.0942855321346,18.1501427989361,17.4208357628387,17.1399336098407,16.8244283679131,18.3060661250472,17.1769772052054,16.8668202255671,16.1539180423514,17.1314556766636,18.3288272451816,20.0321110517044,19.6923576929942,18.5561127080131,18.5042464623647,22.4212785934743,25.4673281223833,24.8469301493998,23.0284794621468,22.2301509017196,19.3012730234501
FIN,2.37997744754033,2.27855173502727,2.00160822857672,2.38053234540974,2.20537134561628,2.25383112774094,2.36676641136983,2.25898661809719,2.18836399205502,2.21182621856833,2.21758033567317,2.06049706934612,2.08977502932082,2.06803556647353,2.11422780880102,2.18977184111891,2.24039393029227,2.15907446415076,2.24134367895993,2.33793174221545,2.46735975474973
FJI,12.349896656794,12.0743313492063,12.3726571154966,11.8829102406206,10.6974950619792,10.0884444017423,9.38189737562413,9.21771557173261,9.67577870713452,10.1131069949223,8.0985227018506,7.8716240846939,10.6643336396929,10.5318273601847,10.9065639753696,12.4005161469113,15.6918345311972,17.2536724147942,14.1928948833304,12.8245910153207,13.190027700831
FRA,1.72018557547967,1.58270403235962,1.42706409375236,1.516727357675,1.42030674677991,1.23241577481447,1.50088040274637,1.55137276231397,1.52594468949115,1.36140137870511,1.46154600121993,1.50360116027898,1.33798472564444,1.43496006533197,1.53110170543578,1.40828485472535,1.4604342657704,1.46334541457898,1.72017137018833,1.48475796304424,1.29979455802577
FRO,11.8782177834553,11.5436368805079,13.7781593005909,12.385238241092,9.51731961524221,10.0025185028719,14.8137133793903,14.4254642225295,12.2216295031829,14.8016017473608,14.9925404162692,15.6643760466594,19.4105036381493,17.9788585658383,16.3200031785764,17.0514062234626,13.7184823893818,14.2148369483437,18.7358298803846,17.7553649648471,16.0666931492436
FSM,22.3796817106272,22.8108216648608,22.7733125912516,25.441184144199,26.6947563268782,25.5181068104922,25.3181753102741,26.9100815241992,28.6749281923694,26.9498043356884,25.3833096654601,26.6800140865688,27.1669230769231,27.6299442896936,22.512193877551,23.2544923857868,22.0481374900209,22.1845195337408,23.2270939609368,23.4116566176501,22.789770870607
GAB,5.46729104251047,4.98463861102881,4.91120031463828,4.95783080287957,4.22984203194841,5.04416979273101,3.91445441728357,3.43228977977158,3.35369777676334,3.32908065074657,3.62120476996243,4.31162904410146,4.97313690987068,5.2657648440765,5.43595280305822,5.5544308701413,6.61619761351046,6.76982280967365,6.50616941581675,6.66942563555326,6.55914438063524
GBR,0.741442331384033,0.547158772249259,0.575070361550119,0.553318266269432,0.669821878060213,0.680900728162344,0.565712301782542,0.704214809469773,0.62478654917094,0.640890919985333,0.737947357586346,0.633552833586443,0.590496095532871,0.606135163563991,0.563097756036101,0.576929649470186,0.683760683760684,0.698210493866494,0.681106058275464,0.648180849687737,0.638070794582258
GEO,16.3950612257362,14.7699403660646,11.1987759157064,9.19570666949123,8.13162847511651,8.10130101189814,8.86598672626304,9.73887160427603,8.56565938989856,9.21478687624408,9.2042368072631,8.54206032187102,8.00327332913851,6.91860933720368,7.56159033807908,7.33548626473072,8.31654843439314,7.22731737039721,6.63235520175679,6.01579508133932,5.48544272121412
GHA,37.9524260930096,37.4530129301836,28.3330959873622,27.294114484663,29.4080967578414,30.9933842095403,28.0387379636491,23.663704967184,22.1311546901572,20.3698425406713,19.5837731324669,19.9826505985758,20.8442929192419,19.5617099184239,18.1365503192521,17.323230201462,18.8537826616486,19.6574735227332,19.5136382027158,20.9430687797207,20.8867457674884
GIB,,,,,,,,,,,,,,,,,,,,,
GIN,15.9897180256217,15.2811594891059,15.5845641334162,16.81970768631,15.980005361399,16.3606168762438,17.4849504866218,16.0697496615218,16.8316746641336,17.5452728357444,17.5238169176245,18.478241904135,17.5899474364211,20.5284733113745,22.9400092652548,26.4272768142306,26.3032774879888,27.0715374807562,28.3819737139685,29.4714397653024,30.9605751418076
GMB,31.502618345017,32.0906328098921,25.6002258377034,23.5661970390261,29.7757115194915,31.7342257887518,35.1932434877047,27.202420609824,27.393571461515,26.2221225134284,22.4588391707898,22.2088860199147,21.8613793599274,21.0018946913892,19.8715961801257,20.0040458725555,21.2440052017636,23.579267737043,22.8604385781593,22.0375866633394,20.4335632419718
GNB,36.9704988860037,40.3978248032999,39.4804221992245,38.169319139059,38.2595218073501,39.1543740432148,37.9530889182683,37.5633896672074,38.08528951059,38.6615813465664,34.8258068713683,35.1577785508063,36.3487649050334,36.3584920912937,32.5475708900674,31.3854900533423,36.6407931971963,40.0405061497032,39.5759545452345,38.509293374487,42.1674326567232
GNQ,,,1.51825527772648,1.37288404400353,0.892696119574311,1.05819979061204,1.06137128570531,1.05350238777482,1.05565709179581,1.19199068015273,1.29424877164029,1.88839087566802,2.33223920932761,2.31546339686272,2.25797968820385,2.43787857420381,3.15157383866339,2.8263690019315,2.48978303214525,3.09341045540385,3.14907045947484
GRC,4.54970535485524,4.47718109899217,3.28557674416163,3.15474298162147,2.89505867715816,2.92582395634654,2.9142102078812,3.0618456010827,3.41908207828197,3.35146223879432,3.53346105430384,3.82153798821664,3.45812941533327,3.7522702094539,3.52573090341626,3.66151933931312,3.9238294812332,3.53173488105093,3.78490731948212,3.74222017907683,3.765512541308
GRD,5.0143352561992,2.96407880724175,3.89055494436817,3.55708232832337,3.76733196411895,4.62642452810256,4.5130515818498,4.4473617869357,4.83219736257223,4.83545561235478,6.10189188310633,7.42852685072365,6.20632633624404,5.37154325760442,5.20543943814909,4.67951202688308,4.90307786781958,5.34059405940594,4.12004284650904,3.10780887557402,2.94694102338439
GRL,16.4497605026239,16.9456689293345,16.2452491333584,14.3313220056666,14.7291750060829,11.5861031645383,13.3982099730075,14.5808036302829,16.1929017960507,15.0270234424218,17.3355902451257,17.0377903864683,18.4117385602265,19.0568753352559,18.430149097486,18.4763686569553,15.7316156099106,15.2368028357423,16.0258939138543,16.5579499888738,
GTM,13.0735432996184,12.5899676936002,11.4490682853821,11.6376079270391,11.3336648903463,11.8486078978063,11.2341516901897,11.2587427520036,10.7227497533367,10.3562262011186,10.0744824629421,9.96700294850351,9.66139477990376,9.69628321231672,9.43550881537545,9.40872375710839,9.9263191804303,9.17348943872533,9.08210141828618,9.68670752459035,9.7799315643005
GUM,,,,,,,,,,,,,,,,,,,,,
GUY,31.4937319776355,28.8858697300346,34.0002671058965,30.3847427538396,31.7275647737363,29.4241191257626,28.5284323037662,25.6836014005978,25.4400079005114,25.6475733667273,24.5940865009998,25.4431214761023,20.3872409058451,22.7580270434004,19.5356933126322,17.5953367342493,16.8510033249851,13.4551932931892,10.0298359219808,9.74362070901044,7.62253326656522
HIC,1.64300765118676,1.48038937843299,1.39514578814348,1.42763821008478,1.42734793884213,1.3448637455694,1.39122306375446,1.49387813162972,1.45321826754606,1.53482410223973,1.46457751931235,1.3878288374874,1.35228058894393,1.39942162192358,1.32213474350405,1.27952591393729,1.35524420289271,1.34387823664608,1.32681670862673,1.28204452275933,
HKG,0.0731235605934626,0.0674869434363105,0.0629926078474022,0.0614869792991817,0.0541731796493912,0.0656925288308839,0.0533684018528068,0.0487999048815413,0.0546866831053985,0.0572883662527095,0.0661945438173809,0.0679653751855497,0.0762065977729043,0.0652727034141459,0.0621422719454446,0.0723017256105577,0.098961317261836,0.0755934592131795,0.0529019722182765,0.0379096657245673,0.0374477102095245
HND,12.1707041468662,12.4709247586633,11.8565791514775,11.9110474415928,12.1501702062634,10.8250414864446,11.5912204379757,14.2196558016976,13.5662940347061,12.1911279403961,12.5383501333105,12.2159784468116,12.0499014058464,12.6697681094878,11.6101604613644,10.6380334094751,12.1880671407553,10.8930519266193,12.4732730244455,11.9787948406632,11.2186537185053
HPC,23.6055846676157,23.9546815099956,23.1640240098194,23.5395450195087,24.16333574026,25.1143320094439,24.5732881848874,22.4207934719135,22.8210142768178,21.7704536071383,21.6950595813593,21.9748491217784,21.6620203866995,21.1771981002484,20.6322377411983,20.7071567775734,22.1789095472661,21.220224139668,20.9032859446868,21.830490856109,21.5165796255937
HRV,4.41765926972512,3.86650247197479,3.97818184588048,3.6904482073587,3.88064389657281,3.9858244633642,3.64448983894033,3.62469406098008,3.2839104995377,3.43767621316736,2.93879083829528,2.96383237367924,3.05980781348851,2.89020999922314,2.95086769081286,2.85685404932209,3.12863387052829,3.35973327348871,3.39322387924406,2.68395350714236,2.89588951437996
HTI,15.8505214181337,18.053012942039,17.716303487923,19.0751062719029,18.4326161641106,18.7934646435559,20.2326950876929,20.0431188990154,19.4699035948555,19.3274999569264,17.8297636475726,17.2198989989619,17.9835139851461,18.8264709950195,18.7060141160075,19.1874037315046,20.362493732044,20.684893342416,20.2753493141772,17.4571299152426,15.8601607482058
HUN,4.35683545455054,3.72514185336456,3.53874601085628,3.48786630899698,3.47814940071837,2.99527728031797,3.00710894106453,3.97302154410133,3.88850753892061,3.92253734459854,3.94529830379291,3.76135548183773,3.8677257212942,3.74894666908719,3.47162730279737,3.32505112170721,3.36254685371176,3.45755919325803,3.14310033852095,2.92332182995561,2.71112134044753
IBD,9.41261842609643,8.58674970760379,8.07079003170199,8.03562896257528,7.96199604377737,8.31691371307819,8.1441219232703,8.02053647666418,7.8734042410493,7.97332083618417,7.99988430226433,8.16979836543773,8.19308537177583,7.84230067146461,7.49996756892398,7.68737020391331,8.50667844346395,8.10810983914685,7.92182278840715,7.73958867645346,7.70004819602647
IBT,10.5523597117147,9.74168965709174,9.20970657448837,9.11735606169409,9.07962359236562,9.4551218704211,9.18820140960904,8.96897383557288,8.82688379562692,8.89161552740573,8.93435615206625,9.13552441913774,9.10473667192033,8.6952674902696,8.35662598161553,8.70506505083009,9.5513168150237,9.09188561715261,8.89956084954316,8.6431698451699,8.4926899261341
IDA,23.1842063027792,22.8833755373523,22.074807989735,22.0753598081248,22.5552673924284,23.1263513584564,22.4085354996654,21.5791105228554,21.592497690824,20.7873582949146,20.4889334609418,20.6999678214114,20.1868120241441,19.5712491817253,19.2978908069206,20.4957239035162,21.5840423621025,21.4272641221795,20.9590741339581,20.7576254713785,19.6992462754974
IDB,23.0543211201301,22.5689387410811,21.5698952943042,21.3782072688364,21.8228830033014,22.1584413886755,21.8780467632675,21.6975627103457,21.284878771587,20.6826082010209,20.3129082650168,21.0431790402978,20.9854075849799,20.0357253631183,20.0883697085549,22.5198086689672,24.2620771086078,24.5002217199858,23.7688459760193,22.9353687925265,21.2057375547189
IDN,14.3357802955642,13.1266186400506,12.9738027192484,13.7166831034562,14.4817402607761,15.290148146172,13.929212707137,13.5122870743946,13.3739742350727,13.3566991621949,13.3367549992146,13.4926435578886,13.4787485470271,13.1566308462661,12.8084975586902,12.7126026577522,13.6984142796138,13.2801691376596,12.3996501634108,12.5294214769584,12.6086658797584
IDX,23.2984792314452,23.1928931228016,22.6284948818535,22.8156457568445,23.3016283416297,24.0452940297292,22.9241274387145,21.4688346512652,21.9224592525827,20.8998659374817,20.6809346372929,20.3420463988561,19.4498204813957,19.1674456373012,18.6116271353126,18.4524665367398,19.1013401987024,18.6014314314045,18.4257448845152,19.1721551479925,18.9002260223486
IMN,,,,,,,,,0.642657103075182,0.596599796488864,0.446094368875088,0.472320117585132,0.590100696950693,0.400506349187324,0.410935899164255,0.316670665474295,0.372633924187371,0.337744275420086,0.372466783015541,,
IND,17.8146906487994,17.6202069548839,16.8094420944381,16.7501197597569,16.7909423598037,16.7442701563161,17.0265090136912,17.191973558015,16.8453770661356,17.1484235433697,16.7919345145039,16.1745081068401,16.3638005616331,16.5583314049368,16.031630686449,16.7555683032837,18.6685376603727,17.3725615260314,16.5461295925754,16.1931893571591,16.2854335605917
INX,,,,,,,,,,,,,,,,,,,,,
IRL,1.57408727204836,1.03354966551094,0.921152718855531,1.04322286551282,0.850028643552735,0.557956348121,0.955429971049666,1.20481169133057,0.98628534243733,1.07000530417849,1.21732475012945,0.86869465225802,0.925941331563359,1.11981590911886,0.928168981879793,0.953896616119834,1.00897235932956,1.03312440304987,1.17281530326124,0.846910710164401,1.02114448018423
IRN,6.88957846945821,6.50138220908685,7.11821124095933,7.18556823147499,6.12277259111112,6.9244896148629,6.49939072557201,4.64211620456629,6.79693716710654,8.77490977276026,9.37842415684426,10.0916014141126,8.44788029281743,8.49044927227644,9.63092024660805,11.8081014676882,11.6933506979702,10.6344854027271,10.6950417706195,10.750872506583,10.8003685937198
IRQ,6.93856130624701,6.88686273542446,5.82603290514173,4.92949827595085,3.84778019548826,5.22993319137947,5.16228354680036,4.56377343749618,4.12427143758484,4.76843971585529,4.92940777204755,4.19186817517212,3.97718981146129,2.97672780101335,2.81581764320492,3.77000825306199,6.08867414692412,3.27919752953038,2.05870621388374,3.10603121448412,3.39457505861722
ISL,5.2287722880465,4.65967867624861,4.71370483416326,4.14525624981175,4.84443918773815,5.60323353565693,6.22541481370984,6.35940252295156,6.48947569648814,5.79441427283695,5.22442058265989,5.25016602196432,4.53958611104236,3.74803357222705,4.24664556519569,4.31813380817638,4.60069241499649,4.19210472871823,4.0879858932462,4.18531065954127,3.98201137564491
ISR,1.61692444844401,1.87834313014638,1.81906318672985,1.74717094647667,1.80943795765309,2.14139661336725,1.82975876400948,1.85000171535157,1.4926299498497,1.52142807731562,1.3878333514616,1.4205563555958,1.45144669238151,1.43332361550204,1.38933071555976,1.34643940764737,1.36656606491536,1.32603835479545,1.1618336562619,1.28614593929466,1.28207722826492
ITA,2.34229627595505,2.03006110909468,1.94158568418969,1.89414967924379,1.87300893559166,1.80208177882956,1.76928173132246,1.84910093882918,1.90886941227517,2.05779366637333,1.90848213125891,1.99152552817849,1.84915248302101,1.89343264776643,1.85755612561626,1.81866879873849,1.9280162015612,1.83339290794707,1.89037175125669,1.85975769551569,1.99727734716288
JAM,4.98216525525125,5.18624085360629,5.15582607453948,4.61760640988582,4.89912215623133,5.47226787895058,5.26899732039303,5.64728677796925,5.77144048591992,5.97047963265033,5.97248983885497,5.85612196392822,6.09832325620201,5.91066469479472,5.90087317528371,6.30529102020964,7.72056947491963,7.38278062941281,6.79979684725228,7.78255651221101,7.96876352019587
JOR,2.49786797513256,2.75835798153626,2.58350975139105,2.53146818560253,2.87730028271515,3.23670988202659,3.57519109394284,3.50500327354367,3.30511928769937,3.58301864444177,3.96844457372356,4.39226865861151,4.50634129998352,4.44200042789941,4.38084392944674,4.37193790468563,4.64657447164546,4.78675277704391,4.81784457116001,4.81197818811884,5.06726012545217
JPN,1.23095748420526,1.11162940578642,1.08249674589504,1.05336413232639,1.05410176653648,1.08231650645818,1.10828108130349,1.08027176258707,1.12285396244805,1.06671782970179,0.996605700341743,1.03412007048647,1.12498130848332,1.12844054943922,1.044248235947,1.03894744464527,1.06638425931073,1.01041770067097,0.921881300110971,0.937452748505902,
KAZ,7.12295798751998,6.36952301555866,5.49583486199441,5.66029151907027,5.31580324655219,6.14688498650048,4.51052752955614,4.9889741557576,4.28833015629833,4.50354556962711,4.32955246164473,4.71054741881579,4.55600427070659,4.51698454026741,4.39585810287636,4.46633595812751,5.3912826934481,5.03000193996331,5.24714480730074,3.82500311361663,3.88229151651226
KEN,24.9290410875057,24.2362747002419,20.5196878049409,20.5866644602991,22.1963401579826,16.2549814662286,17.5677598863696,18.8947112249953,18.8297259329446,18.6165515854622,18.3478393393556,19.4696147780528,20.0345164328349,20.8936374065292,20.314910419968,20.8611638110686,22.7027261604451,21.4770750957252,21.0361920649933,21.4522060902205,22.4728462758555
KGZ,29.9044500994693,28.4832783609781,28.6802911420992,26.8802101795871,23.4855331532901,18.7607374707352,17.4482561772443,16.56531665018,16.654196378216,14.6378725497812,14.7186631194877,14.0607643300857,12.8344731564928,12.5145788958853,11.6752864842384,10.3739026248931,12.1696556730884,12.4122330298243,10.9968056651977,9.49216108207808,8.60760362906387
KHM,26.6286627547039,27.4457888917427,26.2857429362019,25.4656283422573,28.0340869915092,28.0893239418879,27.8742916555508,28.0358544598065,26.7953499375283,24.447155140413,22.1938152404445,20.1408488554582,18.9079815555917,17.8681771583586,16.4979479082228,15.4385065177157,17.0396522911435,16.9044143710096,16.5440859884848,17.0784472455351,16.576872609135
KIR,22.6130628192732,19.9785633659329,21.629619313767,22.6952247259956,24.6515028674001,26.6757157326737,24.6569946903248,25.7140622476367,25.2322476766993,23.6658767644122,25.2959324632137,22.9196558548307,27.0676830423644,31.0321353962347,26.8094183340618,26.9783472046262,26.9646503707969,24.7156302819661,27.4729810409509,27.1870061420609,
KNA,1.78207404484777,1.66096991437951,1.18856039358131,1.15524939953897,1.22394357477247,1.12219809235891,1.26846576046116,1.33469179826796,1.16601837961175,1.08373424583277,0.937876842883261,0.848520023215322,0.789799919806063,0.902993860903204,0.916165522176504,0.899635933284524,1.12671217092169,1.23971220042445,1.18610039775686,1.3967146856778,1.28792753551453
KOR,2.83577440437347,2.50593990708172,2.3878051747446,2.17912737068276,2.04179163138255,2.13804528061097,2.0444228836758,2.10765665250747,2.08215187594443,1.99508166521127,1.95176665660859,1.89858430952633,1.73945648142804,1.71494254133381,1.59932774432361,1.50689433955588,1.57795135359259,1.66515978191584,1.4483461547482,1.44773871445502,1.45825105459538
KWT,0.404756603698185,0.301358018412085,0.236515719642342,0.213317127370276,0.160020999601209,0.262327765426512,0.451728985475114,0.438835825324165,0.359874300848834,0.355177608949371,0.450636106109894,0.537729008869637,0.518592131185869,0.525092139249465,0.44590687116951,0.370434138380291,0.496326689989677,0.473024818982534,0.402460238899801,0.468735596188185,0.492980678536301
LAC,5.35116383240437,4.86573986290295,4.6158393328014,4.76914741785999,4.88663012853363,4.77459854760753,4.71600924922314,4.81325759858254,4.56553319834985,4.74021016317736,4.72458736353747,4.69396762842883,5.18973183538432,4.90298849146701,4.722943178241,4.70559702302521,5.69116972596275,6.07240917636343,5.781476683018,5.72024554158414,5.66858004923563
LAO,30.5213475173909,28.2951353434837,26.7296699146578,25.788148677301,24.1764814314586,24.2053770855586,22.5957941345194,20.7912551864005,18.5484865737637,17.9304984280697,17.8487917824206,17.5877596970627,17.2301765948066,16.1997598561979,15.7091868201084,16.0503390570341,16.3377623592616,16.0676970155249,14.8688822282276,16.1390568351887,16.771883812878
LBN,3.82091029633439,3.57963505822563,4.46973485890735,4.89276661829071,4.52188617992645,3.95087208611483,3.86195936751946,3.80460970714467,3.76453077704882,3.9553991560217,4.02280590517852,3.28466326670943,2.72714945763945,2.79291148520091,3.23189728304163,3.16909985150245,3.07825000560689,1.40016561487545,1.1895732629522,0.966455367369224,
LBR,65.0474024526198,66.0327291886196,63.8180250223414,65.5981500364166,65.1745654692932,58.0357466063348,35.9187152152152,35.9187151793161,35.9187147650069,35.9187149834944,35.918715038076,35.9187152008861,35.9187135102446,35.9426159185731,35.4966999096751,36.4371513224574,39.2922850706535,37.4176170873767,36.2030463526172,34.5650022779043,33.8327272928139
LBY,3.34262291274763,2.51001097978428,1.51764483817067,1.54141662252696,1.38365254109486,2.15806763082219,1.79953001101668,3.05766833710666,1.81559365235981,2.41548515289585,3.51667860719144,4.3862973349324,4.61177989572916,3.87477645520451,3.66012922036917,2.04201619232517,4.326770152924,1.9292341608539,1.68643769937353,1.7692779613025,2.39197609901835
LCA,,,2.98042746454348,2.91458779159669,3.58977133209373,3.64863368192877,2.69060872867551,2.34543994710244,2.36885770168429,2.62387744085513,2.21690522571356,2.15259095649537,2.07707722588586,1.56172395644149,1.62887405698184,1.7304677212091,1.98095868617899,1.71440472884516,1.51833975460569,1.12520860480534,1.12953634378355
LCN,5.88260856149059,5.40450924460351,5.16889287527885,5.32209916332362,5.46707135045508,5.48589752083397,5.40870204024272,5.48822896151792,5.14621900087677,5.43970690014879,5.47645189059869,5.4596997960045,6.02233892502805,5.72855915718504,5.51284761509973,5.52162469744915,6.60562598218445,6.97167280166001,6.63398030325015,6.58020132780092,6.53293593840574
LDC,23.1978380562193,22.6924088505308,21.7440722058078,22.0708773379527,22.1559732451716,23.5529275033551,22.9858805407294,20.9658752644408,21.3841574629694,20.6470730210134,20.6203133605186,20.9298085059029,20.4289790022045,19.912836766732,19.1522270349106,18.9241373013614,19.8571289809922,19.2059861733308,18.9062443827452,19.8961376147464,19.8971121253134
LIC,24.5255977522503,24.3561683696028,23.8874293591445,24.0913421845614,23.949423301737,25.516037914223,24.7918041473757,22.5199116294175,24.1023476806306,23.1584307635526,23.6025325675995,23.7693390733355,23.8382706829644,24.4920680391873,24.4165325933638,24.2840410881014,24.5695554434903,22.4769633817456,22.1946830654313,25.4548026849405,25.0522361538084
LIE,,,,,,,,,,,,,0.115518531775731,0.134897728698707,0.139045930996547,0.139140766681258,0.211170416188623,0.161805584367091,0.169219054065488,0.159394839929758,
LKA,12.5438041438828,11.8194768226447,11.3362802346632,11.6831643328505,13.379200767591,12.691971303497,9.04833700762336,9.5331593503241,7.91028886852632,7.92460411652105,8.08070792331863,8.21693887941642,7.26171847779131,7.4306787795994,7.59206395115246,7.2562467000326,8.25132326058186,8.78994016463402,8.44795287007937,8.12391264498649,8.2996858332285
LMC,18.3436597373208,17.9340296929407,17.2893763582688,17.1129374386432,17.3733545479762,17.4250084219099,17.240536658418,17.2796581115528,16.7265052641202,16.6190664866932,16.3507886032828,16.161843791066,15.9902466410347,15.8159772156346,15.4271432744063,16.183625712871,17.538208585304,17.0645117148287,16.4265715533327,15.9679771322887,15.704575746726
LMY,11.2440887474715,10.4722212416234,9.9467348817753,9.90942756898239,9.9087549510023,10.0752945910633,9.84591176141518,9.63133661333211,9.49670497433793,9.49100658155746,9.41701337216641,9.44053191829734,9.37415150705569,8.97462910761005,8.6372016603543,8.97911350374221,9.80904379854341,9.34082885927639,9.19497112117227,8.94286998913465,8.81860189144634
LSO,5.98400675567569,5.67113040473066,4.8427648086475,4.88998680002259,4.8970487478767,5.50352430775727,4.86217527655246,4.54395157549887,4.89530867188129,5.06436346227762,3.9607145663379,3.78190344669127,4.92411763358152,4.9636238571378,4.24977543430507,4.46380208822172,5.30771204408517,5.95625262808585,5.95085393730342,6.63922934834694,6.50245582420134
LTE,8.35006225592265,7.3404096967105,6.81590441914356,6.68325175754659,6.76985986892669,6.94240967763172,6.62848774368083,6.66732291428994,6.61514190305495,6.68423694741855,6.63109977620581,6.79219153763256,6.67994696222898,6.24894522597009,5.96083598014213,6.01843141988366,6.68477180847944,6.42138526651929,6.28832485779069,6.06383326361503,5.94591220417333
LTU,4.15167623775201,4.32727074499656,3.8728905163979,3.47267609522387,3.28158323801393,2.52928276861212,3.06871518554059,3.51897129368263,4.00007448760216,3.53435810553224,3.4401608409572,3.43671864804715,3.12061896056681,3.54933633712632,2.88685726647675,3.12404744403716,3.53241993914326,3.39582123831296,3.9279382912554,2.71539099968174,2.57325294659349
LUX,0.535432004959881,0.35650094088746,0.311756721900439,0.363222868939437,0.307778948525776,0.233334868942186,0.268412058048641,0.25111528958498,0.287951499538819,0.261907196956465,0.289550438585059,0.223732628740735,0.214197008159042,0.23457255011554,0.233738394048527,0.214828063048275,0.20041631187567,0.194861687098922,0.242167478298755,0.187252170632403,0.20948876007365
LVA,4.36504580120425,3.86773701723693,3.42315192809587,3.45397603560539,3.09128712531246,3.28684121352283,4.11588497283241,3.77780079362838,3.53285388028976,3.2120869041368,3.61639638963682,3.55445018445087,3.32532538955761,3.62476211824764,3.66104778019513,3.85343444199836,4.0791819421756,4.20672251535361,5.11411038456871,3.93344279418518,4.04219078834273
MAC,,,,,,,,,,,,,,,,,,,,,
MAF,,,,,,,,,,,,,,,,,,,,,
MAR,11.869333718001,10.6988804483578,12.304168098197,9.8752466486995,10.864961794312,11.9650475529562,11.9620812709231,12.0819026098454,11.3297511522793,12.3583661932506,10.3531465249527,11.7961931846113,10.3219651103177,11.1602887992375,11.3055402401365,10.8424017370039,10.6636401420592,11.9779439009277,9.79618893785634,11.1311743840061,10.5673287621047
MCO,,,,,,,,,,,,,,,,,,,,,
MDA,17.5867382617383,16.3997954955912,14.4988760781159,9.98297024143739,8.8109341724675,8.49746275029227,11.1612572325879,11.3842525996445,10.4481727207152,11.550361937388,14.0709569584487,12.8212557522034,12.4797438509487,12.1995910772854,10.1468784571365,10.1608126286441,9.36669201380178,10.5865870134286,8.11428000058421,7.08454848490601,7.10653748230631
MDG,31.4205052808436,30.7627339341287,30.1822717236059,28.0670132910209,27.0525720488789,30.4651481314923,29.0780963483597,29.0502057606452,28.0006123574142,26.4930339794941,25.8453829296172,25.7433543337656,25.1334543599723,24.5501377693098,23.9733833005861,22.9562520100657,24.6929443981327,22.5220913616157,21.5442357878393,22.4047388943437,22.4578773705892
MDV,5.58419966027205,7.72803149548683,6.59515824761547,6.16535561061297,6.87564686871737,5.41948164022105,5.63412071744814,5.38563467872235,5.19060488893993,5.41343407969003,5.30718639208498,5.53360354751635,5.62856347337925,5.2710997522179,5.12400562914012,4.49402389452079,7.57494516566345,5.30620397187521,5.06182478777329,5.08184565371649,3.84195889727814
MEA,7.09647376496609,6.38938414417505,6.13994447410055,5.94891793868808,5.36467415019251,6.57065908575456,6.15659624665272,5.67842909917552,5.7495088772156,6.04824075418112,6.16490826129586,6.90418425788981,6.76618743649573,6.49665546314937,6.19837298903476,6.23223943949395,6.90951731978884,6.47112376956391,5.89098584462715,6.2001192066564,6.65551811619884
MEX,3.18594698304908,2.94567227515179,2.9429551635864,3.041865670976,3.02875898082786,3.10059841918842,3.09200838670805,2.97569483968178,3.04872937148888,3.02454277578135,3.02713651853573,3.0851863436743,3.2462890783797,3.29751177575275,3.296959452726,3.31502440184845,3.71114888236172,3.78266528758294,3.89806570970786,3.83754974792513,3.72451065844835
MHL,7.21851015801354,7.12086956521739,7.06717877094972,7.34398671096346,8.80757162346521,9.57301587301587,10.5856610800745,13.8842716192687,17.8198118428334,15.8570815450644,12.0370967741935,12.4228089275993,12.7276511397423,15.8322414599906,16.2795,18.2091455560326,19.9060380479735,24.7416872933968,20.5804021024429,18.9385363020948,19.5849162789842
MIC,10.9601511263666,10.1703451054612,9.64886113619788,9.61100054291997,9.61165590416449,9.76047959226094,9.56259307033853,9.40470096663277,9.27622072595587,9.29109490856484,9.20865745010363,9.2333224378854,9.19129750099729,8.79073838235149,8.45387391747585,8.80073584148248,9.63624567611825,9.19517754743909,9.03735874419318,8.75564338071451,8.62789909886883
MKD,11.5539948572935,9.73619454882038,8.98936805638514,8.93241688545385,11.4435151485936,10.3701684908181,10.1206048077275,9.35099292094117,9.10471970396591,10.0274760854448,10.1775672771312,9.72691849418736,9.17290831294816,7.87324504211252,8.47039846991427,8.13229139447626,8.56905928759264,7.14748884425831,7.27988785468163,6.2308866977397,6.08292801881823
MLI,23.7241309998183,24.2687063406071,22.200470279959,23.3084533846113,23.8672330814583,25.1844479674011,25.9857196698272,27.5615497296504,30.7772665359157,28.4968116076853,29.3244531265672,30.525122276133,30.9987192702461,31.4007766435761,32.4975413984656,32.2682205547332,32.2899608370191,32.0375587266747,32.7176729018653,32.2126407432108,33.2515839930836
MLT,1.84736505981709,1.7875545637088,1.81352377451364,1.75516216776462,1.07473974006632,1.33019188999536,1.27165196308386,1.0871330532594,1.09105416670745,1.01983618468905,1.00159760012932,0.94156553720691,1.01031741652999,0.675890232339448,0.621888875995756,0.471910659536485,0.785620108993087,0.881852278329264,0.839345917125421,0.0533608475644054,0.225064607054737
MMR,48.1650901865787,46.687240402588,43.918958474559,43.3227660063537,40.2750956375485,38.1081206105058,36.853075751266,32.4961825024034,30.5901997024538,29.5337253604993,27.8298025759612,26.771778645598,25.6286228737595,23.4041280962744,22.0756064041111,20.8421577754282,22.4186525400503,22.7852901568211,22.3343500768495,22.7222309725462,20.8341766680744
MNA,11.5538340353472,10.6990559145934,10.4892208896788,9.99884316418697,9.22690969759207,10.6124057702444,10.1543013659507,9.6582149343398,9.90707464056841,10.9373400241804,11.2841682703607,12.1917369248402,11.6294137085736,11.4251026963019,11.6305545184172,11.8413488820722,12.7684696570637,12.425740826573,11.8059634242183,12.3859842347744,13.2557672288999
MNE,9.2619220581357,8.75765980493599,5.65822716443527,5.14096761553622,5.30307563470907,5.94207498811569,5.46716738531637,5.17096892815778,4.89539575741918,5.20960137991499,5.11569218646198,4.96369912493667,4.80607864194884,4.43612645373447,4.02702654709881,3.70351082097405,4.18386978297396,3.7713187551422,3.99672766573405,3.7692433716629,3.49344410359799
MNG,20.0297765271852,19.7979604915498,17.6436708395409,18.4279653888713,19.2151247825371,17.8644380709085,11.7325631980129,10.3073568180221,11.2580245572127,13.4140624660902,13.3412210879498,14.079203180176,12.6278436864479,11.1372332713568,11.4280045193059,11.5583828612266,12.9656563031474,13.1631741927742,13.0278534035361,9.92060281298024,7.2909521026131
MNP,,,,,,,,,,,,,,,,,,,,,
MOZ,22.4901289092367,22.9214059867823,24.1133917238134,24.0162173628877,26.8457517275753,27.9106017225191,27.3093770922399,26.4848729989708,25.5177066547282,24.2529090836336,24.6554671607897,23.5663164946958,23.6272810887625,26.0749604736416,25.5425597958909,24.7697818145637,26.8819744087655,26.8945913502365,25.6392221082741,25.3716008630861,25.1764811733064
MRT,22.9178992193284,20.0701967217813,16.6071438940053,18.4325192807889,18.5594231007108,19.178182151624,16.7330487035243,14.5158947387598,16.0859607599369,16.2826011052317,18.8142560652114,20.6295456111909,21.7392133521855,22.7188300742502,23.655966000294,19.957882454072,19.1523401706647,19.1485811289032,21.2302013888594,19.1616076506323,19.3310648282597
MUS,5.20608568669627,4.91181106695197,4.83159024933392,4.30869184442721,4.01958606904402,3.82381151804169,3.59110980182453,3.65312332199749,3.6066947724863,3.29265321839171,3.15422608043165,3.03283321645437,3.05756982303852,2.95521989373646,2.52593212825691,2.66862745852887,3.09894065143015,3.2413713398879,3.55513254765837,4.01265286259242,4.23214718404929
MWI,28.8733040048574,27.3766782308788,25.6738776075689,22.8824872507399,24.9323563197161,25.3093021258133,24.6321400620979,23.9314133083531,23.5292854390256,23.8492870296807,23.8734416539637,22.9948363698368,22.1929077690151,22.9262319821323,21.632593506951,22.9473991790142,25.0150110062267,25.5328304255348,27.5975518762201,28.869380408768,31.774775046638
MYS,9.27100209261509,8.26229170422644,8.60998284136304,9.98677367962245,9.96858233467411,9.21910004390782,10.0899159275121,11.4533531198278,9.79375074645921,9.11336384538206,8.87320901302643,8.2874950827938,8.46251885618027,8.59827753533139,7.51205693063821,7.24131401562151,8.16597089919598,9.56621458844467,8.96184922741417,7.76530932127302,8.12846782241948
NAC,1.3351063172688,1.21045964238693,1.06944538067839,1.12194027574283,1.12069275071641,1.01109485898618,1.07413191441441,1.25848162455018,1.21593869077538,1.3773496172887,1.21040085067002,1.09947645926202,1.01188475594372,1.0202425370323,0.965363709559363,0.903311689566368,1.01355457652604,1.01031703054188,,,
NAM,8.93977891691032,10.3684887476335,9.64647103887118,8.44071366530831,7.53168657065416,8.14814459341021,8.45536944089181,8.11362720295374,8.05447519990682,7.82146490072164,8.13893575439091,6.65042679589334,6.72011763526388,7.67615608936274,7.76829756756805,7.08397673847435,9.15817808891199,9.56300379482636,8.75889366457648,7.67765766221879,7.29120638562693
NCL,1.78686054314087,1.54869248531073,1.72712586317313,1.27200175059393,1.38763277604281,1.41664932222394,1.34474139086715,1.36822830098318,1.64443691439298,1.71329146676256,1.77245534055282,1.91334103691976,1.92670811679751,2.01190197330879,,1.78613861386139,,,,,
NER,37.3717285561201,39.2805201285945,39.7450785783419,37.094506437909,38.7750062340041,34.7848102748131,35.8213879566765,33.6467642815211,33.6809938208632,32.2350107295479,33.4290442343639,32.4169952714448,35.2629582125475,35.816868204144,37.5776218588144,36.9919203931409,38.3755798583507,36.4810258004149,41.3505163572647,32.5058218469012,34.4620899774356
NGA,27.2304536006497,26.0892828250796,24.7349912601339,24.6625772142283,25.2797507802655,26.7488545066519,23.8937040912791,22.2347109931956,21.8599586165277,20.7586228322439,19.9902547680805,20.6318934800012,20.9831097083173,20.8465714300542,21.203773720121,25.7349305726601,28.3454204380593,29.3882780431661,28.5515522199731,27.718291279131,25.8733343605401
NIC,15.9688222709169,16.137898065388,15.8996625466787,16.4613383107055,16.2627898839898,16.0676510041113,16.9826368007048,18.8847883857771,17.6115834733674,16.4909112111851,16.7090173834472,16.1099292353151,14.9153392298097,14.9964086019473,15.3222113237126,15.5297840677071,15.9067799804023,15.7299123972627,16.8030312183945,15.3285746282408,14.411507510728
NLD,1.87462493392253,1.87119658954082,1.95984638535758,1.83180121231584,1.65239006969149,1.56591919996572,1.78780819318779,1.59844393327571,1.69697006526574,1.84474290341919,1.80098935055634,1.80598562591626,1.86399139098136,1.96787421373596,1.75987236955923,1.7588069903961,1.73737205482673,1.65464640233302,1.64194723390554,1.75149243000648,1.72968455863421
NOR,1.33559044875548,1.35951412016903,1.36556231799507,1.20029285976373,1.08255295779966,1.2360885219239,1.5247849522003,1.30483723965979,1.07727511345649,1.25303567412594,1.38343133732434,1.48183029554502,2.03389884901806,1.91877892439687,1.81119901939869,1.78246102169707,1.8439294251894,1.59886917714459,1.63442443229044,2.08014844089816,2.07595111116756
NPL,34.6763571054627,33.824896676688,32.3664850386189,31.1644113230204,30.3057163664183,31.3226520633995,33.1793784908122,30.8054854756814,30.0760569579428,28.6226575264719,27.4618953620622,26.5185084313373,25.5178753710017,23.6995484576769,22.334672050342,21.5833727595669,22.1800901918015,22.0214522788058,20.9143699815129,21.2987131119409,21.8720119555441
NRU,,,,,,,,,,,,,,,,,,,,,
NZL,5.36558854547454,4.51769702400314,4.98360503244111,6.06836553759783,5.00102717537308,5.73699370029419,6.57130523506789,6.27701974023538,5.50645632003524,7.02982114184147,4.77200031286406,4.46728672100294,5.54432774887998,5.90942208292093,5.6613811876987,5.68946266357785,5.70464895404622,5.76844884341389,4.56898326146121,,
OED,1.69725108991178,1.55670333320224,1.4603010111475,1.49977201112679,1.48791635183676,1.40462790239232,1.50902764735814,1.59564601972769,1.5680555547894,1.63249624346968,1.54519229869473,1.46938273577254,1.42336047992766,1.46825488174069,1.38406357480526,1.34250413548532,1.40979599750032,1.39754031135338,1.42907620694368,1.44866444440077,
OMN,1.68992915860957,1.41513580029885,1.22533000226008,1.20022615297633,0.973923151725602,1.28833463870819,1.24729891956783,1.10041680929465,1.01551086474633,1.14226556083793,1.11270719472095,1.72976080728779,1.98532211721536,1.98459925247834,1.84942019099591,1.99471933938581,2.46923308847714,2.39218489397188,2.10827114663434,2.41559850885954,2.60311077029303
OSS,4.35692095631542,4.0640203194128,3.76308297265324,3.65749827769278,3.51381314920973,3.5079525760311,3.73992450769919,3.71864650399916,3.70648610793341,3.60183406818613,3.54314109051163,3.57024614731336,3.3671879356976,3.24146926953855,3.11119625054062,3.13081347288683,3.35342297138971,3.13313006266553,3.15485993820553,2.93987998734725,2.90036125814303
PAK,22.0018900085347,21.5745096992331,20.4183460540925,19.9379514329097,20.351365282755,21.7869229749534,22.6888101741789,23.819642978628,23.3861955340345,23.7075945934908,23.4927320097855,23.2628407756242,22.3283302035697,21.9632035366872,21.6512353593957,20.6778713222887,21.8541325548966,22.6625080760743,22.3268646996031,23.426703596366,23.7432862338836
PAN,6.20690448694241,5.72339050573482,5.29180834403887,4.75264853625124,4.44423049224979,3.78306122741832,3.63600328597003,3.27922462259298,3.12877687729717,3.05395075031122,2.98667755753568,2.94961630343056,2.78054588848146,2.5726218836624,2.44618169615899,2.45508076979221,3.06418837455078,2.80289216669708,2.60370302111209,2.49627491186875,2.68214078025339
PER,6.93443306205717,6.85426462318893,6.60348433016044,6.70580838491928,7.16094114578461,7.40390665571257,6.82799723597835,7.10011013658205,6.72523424077649,6.66831016491401,6.80424741378252,7.04564405972046,6.93503461650105,6.77975956010925,6.88584285144097,6.85303103477238,7.7158463734968,7.12266347558469,7.17416229206978,7.24050399871129,7.3374218616047
PHL,13.9844036917201,13.517547003593,13.3612491069675,13.606507617711,14.5160747573134,14.5402133153152,13.7488650524217,14.0957351510823,13.0958070106782,12.4734251044125,12.2716816211446,10.9964991548623,10.2051255325616,10.1829541314109,9.65014035815306,8.82032374730525,10.1853110317615,10.0691640204876,9.55176804414326,9.40036652870699,9.08252678487007
PLW,3.89359972572218,4.08337291692719,4.72285205343983,3.9905383389779,4.22490119467945,4.10378619160835,3.99626763240609,3.92395099187855,3.83700914917822,4.01275969266809,3.52832199796981,2.99256304896047,3.0483589005406,3.44981902983612,3.46108988643793,3.38895622331658,3.27547532603173,3.48319540673391,3.35351872913646,3.04062521469754,
PNG,35.9686628123206,,20.4032370575395,19.608590823475,20.1748721590487,21.6434677774704,19.6083870979546,19.1997113715188,19.2739507668723,19.2600193533343,17.6919442750767,17.4569301700841,17.8663404294926,17.649568905745,16.9738355202322,16.9764457469667,18.7553254780877,18.9927879202426,16.9085919325011,16.9595908086069,
POL,3.33358582113835,2.96760371813755,2.7459182485152,3.09408708372918,2.64309499472652,2.62640625045433,2.91554815662609,3.17180701243977,2.98562113420809,3.22652536867249,2.97119902232799,2.48363694237949,2.6237968659564,2.98537285986431,2.41564136866167,2.37029744646443,2.56844423547416,2.24552304361646,2.80606930357805,2.76537109467644,2.54032372848325
PRE,21.9876246914107,21.1116061589784,19.9137759738772,19.6979861798622,19.2659418682379,20.5611765208156,19.5918713827213,17.5324949530655,17.1689018348835,16.8088495826622,16.9655253698911,18.1082976060807,18.0943355020773,17.644133128165,17.2971616435409,19.7998445044926,22.1479672387923,21.1630622041948,19.8743560891727,19.9360298998598,18.5698035487394
PRI,0.626600481487628,0.594971397399844,0.590822137458644,0.480571207238608,0.553943910302619,0.588365896980462,0.83552463730404,0.792213784121246,0.803821796527931,0.826451927769644,0.846398778671258,0.826985117363399,0.805660903593846,0.818676213745449,0.70791744297882,0.682321472056496,0.66100460676674,0.673046024208234,0.663980527688401,0.705611740327775,0.700867503663465
PRK,,,,,,,,,,,,,,,,,,,,,
PRT,2.60214117997755,2.30349335448735,2.25313751520814,1.99815593954667,1.96377185231981,1.95062621184125,1.94034870976094,1.8384390598893,1.92004687349348,2.04188706497902,1.97659101484386,1.97541250129625,1.92235840837832,1.96367345206825,1.91817470918666,1.99991845769704,2.14089692520428,2.16204629838151,1.90543676193935,2.13721069426312,2.02167120867754
PRY,13.9333504941588,12.7139528266327,11.7935958026272,12.7097347758464,13.4176454912293,9.94793815604534,13.0144797820583,13.7962263457992,10.0422288968025,12.8648395783488,11.7708565050102,9.44042072519386,10.6965134075446,10.1848244821627,9.9502033854755,9.667473664156,10.7279902822133,11.2789007802653,10.8974804512645,11.5900739623011,10.7149976827803
PSE,11.1403184810237,8.98999161090193,11.3867958042743,8.92583867806111,10.1280367695338,10.0213957975191,9.00273717915612,8.34249649118102,8.10589430228367,7.59868299359994,7.83505007255338,7.40889181529301,7.60382722941306,7.0405505952381,7.3596451347333,7.05401698427058,7.10160510439939,6.31674857805511,5.74521927421669,5.7037522621709,
PSS,16.010675878449,15.3437523343528,15.3469246992997,15.3237464934253,14.7968107601587,15.0325410179494,15.0090255254269,15.1230392849767,15.6486043137199,15.837315997913,14.6189921706597,14.0247145545132,15.7218525845935,15.8435457431043,15.9914866830394,16.7718812750467,19.0552776161783,20.0644785214767,17.9513045111403,16.8608908712306,16.9027999288577
PST,1.54710727190286,1.38778639955684,1.29367864322725,1.32217003908588,1.3158291465252,1.22429285804529,1.29133779842879,1.39483154130443,1.37290414962688,1.45210796047144,1.35950720874648,1.28151992301642,1.23972918651882,1.28320148331984,1.21929108513546,1.16822886557772,1.23517640656156,1.24496168963044,,,
PYF,,3.05963576025818,2.94803658150196,2.55076680608596,2.26578407008733,2.30302105096859,2.26967001717539,2.4923805279951,2.63770555361179,3.02217318220315,3.17771114316168,3.22845890100068,3.21708081765994,3.0564999715999,2.85240041681856,2.25047826168236,2.21570108763617,,,,
QAT,0.181799293579888,0.133258478262211,0.121835107463077,0.109942375031018,0.124647566750798,0.123319456383116,0.119332537783081,0.0966101306365461,0.0942544487805739,0.0960782118116757,0.117230483122807,0.161363470367722,0.183956328477924,0.214699497442876,0.21832948721791,0.259972086879587,0.338813449048621,0.298215445756429,0.256532188320967,0.28697741980751,0.287307333607437
ROU,12.7055114609076,8.48610428920676,7.82080658741648,5.50150097100926,6.30193056572848,6.11614263251912,5.1772466335768,5.95088848587022,4.54079724771484,5.50972556892124,4.94834094527624,4.42592968395419,4.2921753725524,4.43884283682194,4.50660889280427,4.31147831319992,4.07184426240682,4.616339720378,3.8180329334627,3.32416909916798,2.81143528363417
RUS,4.90444194797732,4.25591600597494,3.86131247123383,3.7789017062609,3.75334118813491,4.08444869718417,3.34389824902191,3.1507257212962,2.92603087775353,2.99360048776678,3.36060548804252,3.87310448732299,3.84021728459951,3.55363208990976,3.3942533806976,3.53030291392166,4.00635163401546,3.67156378990517,3.42029353612808,2.97223589780661,2.74357243387426
RWA,33.895261824051,33.7756165293022,30.026108002825,26.068484121694,24.7805133299176,25.3575273279149,24.3144893985439,23.8371959544057,24.765432008534,24.9203167464094,24.6883207854521,23.9810045274251,25.1527094826327,26.3454376635445,24.6227246165566,23.560629300383,26.6559195496967,24.0706966220179,24.886975847496,26.612127488198,24.5807696089078
SAS,17.9321315131747,17.6689778127792,16.8648783060837,16.785086441848,16.849448668349,16.7600134372755,16.8930158905074,17.0366460242953,16.61438397213,16.7917603986718,16.4571378451147,15.8639854037471,15.840158325655,15.9809524259761,15.4635300677565,16.0202862799375,17.6272947129221,16.5532517639304,15.795939950266,15.5250404264479,15.6315608377676
SAU,3.86835593326895,3.1854016709851,2.91996194095464,2.74276747836675,2.29269078480924,2.83043433137553,2.61912238524459,2.15288829129967,2.06209514825132,2.14783287096443,2.27940419211986,2.75387031670143,2.91802299444676,2.83525700890872,2.41396154385256,2.45384656461481,2.95556974627207,2.44812792691627,2.21479159080364,2.457692991125,2.53573305211338
SDN,34.0060768565709,33.199920468691,31.8201079594306,35.6675143701418,36.1831633212385,33.5066805707755,31.8522211122842,27.8476934681736,33.774624171049,29.6076364571032,32.6242708162674,31.5564513257888,22.9775814159681,21.2305403131037,21.9934731580502,20.1640153484443,20.3208627544265,6.35709212800824,5.03129266150122,30.2756760074835,22.1813816000123
SEN,14.2017995388,15.1803964143562,13.3951515867003,12.2459105728806,14.6866270243556,16.1077336169075,15.945261535619,12.9470610352017,14.0976923523704,13.7248803755401,13.3687650760268,14.2825767344045,14.4140203888971,14.9820338201197,14.9875195578847,14.8962721234445,16.1487794824433,15.5512646222076,16.3333231968406,17.4112512141863,16.6344112501138
SGP,0.0556489896262466,0.0550481142142599,0.0488654244516825,0.0428679973714474,0.0414321884664469,0.0406877612701381,0.0361489888834213,0.0346076007512354,0.033272726533169,0.0343752167938134,0.0345408510735362,0.0326135138026483,0.0315212894381262,0.0307635837552264,0.0301171482363284,0.0322521301996085,0.0328172521186951,0.0305513686655138,0.0259773163736464,0.0288498020075513,0.0274391706944735
SLB,35.5410591975308,31.2455081849074,30.6960544230665,30.8166654351873,31.5381809451863,30.4318172056714,32.4643241866501,32.8222866783226,33.3378663398999,33.6180256890014,34.7578946941231,33.2230637955979,34.4468092378433,33.2802068846606,33.9685258669257,32.6714892678456,34.1195269463158,34.4855549167345,31.9698482307204,30.5256379940952,29.7259898810403
SLE,49.1070997045261,50.1028757149925,27.5403133675948,28.3984316094981,28.9974768705335,30.4719745904755,30.542621858137,31.5846615609542,30.6570937162864,30.1232322468759,31.9043952976079,34.3025554909897,32.5776913387757,33.3320506947837,34.9852345791337,34.547180986475,35.12938571555,33.6443430993994,33.7568526675948,29.052620232572,29.15848297879
SLV,5.72792591262587,6.17165600762008,6.04616656739515,6.99310770496862,7.09010840673402,6.66859073198944,6.98170850697531,7.33019190703113,6.5143562539307,5.61330655869503,5.86687215376832,5.52976674016479,5.73215390739613,5.39300914080881,5.13276852985202,5.1464335217926,5.35480047301112,4.81225514872015,4.55875283808156,4.4504125664546,4.38040930910144
SMR,,,,,,,,,,,,0.0200541096861857,0.0136238729961193,0.0204788600977845,0.016406698271998,0.0152774759329299,0.0141009168983556,0.0166253927819304,0.0114889167333267,0.0150932486085713,
SOM,,,,,,,,,,,,,,,,,,,,,
SRB,7.62709744796992,6.16013694013165,6.22223200235689,5.50486565149148,6.35977347846117,5.99159503176742,6.11650941889437,6.34800451775273,6.04364014215639,6.29965191728962,6.11737533592784,5.60595319138529,5.70664096571472,5.05778606525606,5.20468651078978,4.76474851493196,5.05373769401741,5.15586469879064,5.33794223775032,3.78653396097272,3.17227014092271
SSA,14.8084261400423,14.6749835838045,14.7746409662645,15.2038617540065,16.3161007786191,16.4884111414922,15.3713205467601,14.1222625874506,14.4066982263148,14.5688320989548,14.8866321484545,15.5775961568292,15.5711140085867,14.8859704393801,14.952905809002,17.537765292781,19.3220634498706,18.4836879763424,18.3597841272687,18.1156585533321,16.5881760109038
SSD,,,,,4.19544282441311,5.22004160956288,5.29379348275505,4.67693681681883,6.17613217428162,9.635809346303,7.59650844428456,10.3550274477245,,,,,,,,,
SSF,15.1335224338036,15.0503143780196,15.1869640197821,15.6544494174601,16.9037027307719,17.2453891294277,15.8916307608059,14.6378615212266,15.1529490644339,15.2555300851108,15.5674809294389,16.3194810830291,16.4129142762294,15.737113236178,15.6943912249101,18.2462585717647,20.1524027992858,19.4467816142709,19.3834436394016,19.2369714001152,17.9547772160309
SST,4.35153268201831,4.00741016989606,4.22260334906628,4.02327721300921,3.85680137481036,4.10516150487735,4.22465220155782,4.13044639996936,4.21337218507466,4.17943356796783,4.08118654747238,4.22238948956571,4.0688981019142,4.0544964146422,3.84310556281986,3.80575726213542,4.18418532105648,3.89554834835095,3.76817415936053,3.64114424433291,3.59354987952712
STP,,,,,9.47767452078513,10.4916229997386,11.6318930270323,12.3319074378557,13.0683433314164,13.4069603438231,13.2795768636645,14.1348690685509,13.0514022257346,12.7475187137291,11.8181222110283,11.9296548194696,14.1470498019151,15.2661766239364,13.9317577053548,13.4785052658292,12.5052804435914
SUR,5.22488058560067,4.91937130026536,9.99167360532889,10.1476243642228,8.92967622190142,9.84207557811619,9.47219211206537,8.73235538333795,8.38505537300718,8.48595489076026,9.38475771944027,10.4081572411936,10.7661271900991,10.9177598208742,10.0324669859288,8.59607814021171,8.1360284150591,9.67766403232661,7.29566179490095,7.16164239184102,6.77008395773172
SVK,1.50647353218952,1.47125970663954,1.69161295680886,2.13456038332977,2.36047432017713,1.90942987698677,1.4985946805378,1.79373080653758,1.79463304702131,2.07432555568651,2.6149279736894,2.04596984034113,2.06264218897129,1.84814166887456,2.00932916157168,1.6170097133415,1.72917824309886,1.87136287988656,1.930396226685,2.12570153523878,1.58278262269337
SVN,2.40213653237473,2.42413132120213,2.09205852541218,2.03283295611526,1.75871456280572,1.76138111297772,1.81942536718625,2.04087230966772,1.82601354087255,1.8307708216806,1.82135489758977,1.97361186480213,1.85129615497703,1.69303673263207,1.99134296260198,1.77040651705792,1.89729714128329,1.51147755118796,1.62480238565618,1.53197014432848,1.53730419088458
SWE,1.68061695988586,1.1603186332537,1.24032116770527,1.43883024091711,1.259569565252,1.13933399215134,1.36161648243538,1.41167566441203,1.252545647128,1.23062537056738,1.25159385276156,1.30311590626755,1.2811871059035,1.32101626320131,1.25008450476649,1.25718377928626,1.19622450679304,1.15942751247748,1.23876992958721,1.28228230721285,1.4222920532684
SWZ,7.93542577068212,9.04728048608606,9.20239622112456,8.84366174301086,8.1820020018654,7.55189409574541,8.30965206310733,7.97421442671441,8.44107107954548,8.37545690425617,8.20388205629893,7.37857520050359,5.37686940648276,8.11477800092546,7.38537092360196,7.42401138221192,7.62881465189563,7.17040128400091,7.57116956723157,6.63100879033993,6.477307702895
SXM,,,,,,,,0.11936022917164,0.119000396667989,0.0764609503003823,,,,,,,,,,,
SYC,3.22710437515749,3.03800915305174,2.78226337941348,2.62790252151546,2.53632156141561,2.24128896994315,2.23545934618328,2.19346218388635,1.99985279931942,2.71276034719474,2.33075493440682,2.05307446564115,1.9149122831203,2.13180786598013,2.0783484846252,2.12955445087691,1.96124535557297,2.44466263831241,2.43560145251469,2.49645335614707,2.45102518947254
SYR,22.4332637930177,20.2931020061894,21.4567969026949,19.4588086724418,18.7564030293375,22.795011712993,19.4389732007252,20.646904744337,23.432298282026,25.1049303726417,26.8601256184121,33.1304622129369,34.1668728227147,40.6356075288157,39.0098811896256,40.7410447915959,33.8826886677658,40.1284575405316,43.0599878108777,,
TCA,1.28338455531603,1.14828449459065,0.972514567632394,0.898524867806953,0.568806190911156,0.70082027828026,0.611251215804586,0.552233193070452,0.515940483737729,0.531547685236666,0.513482576403009,0.411861920068554,0.367779794655588,0.377058294197292,0.342988703741605,0.296536471507569,0.437506192923027,0.355127019982062,0.433018459416548,0.366825679384226,0.351671672268128
TCD,29.7742610425581,29.2819873014385,32.1335493075332,29.351416386452,29.0575437948301,33.1566904523959,33.2509512944262,27.1563338879622,27.0843972280265,31.7128603274934,31.1688076695246,33.6210255108379,39.3716151096934,38.4300853118306,37.6181441617191,37.5903652533914,40.687470063118,37.4420946884713,35.2279823985979,35.2160714364369,37.6986952016608
TEA,12.9313763627258,11.7919118898351,11.032374791886,10.8510058851208,10.9375803958089,10.4916136789446,10.1802992117574,10.07590503867,9.86916790577569,9.59854970836196,9.23496282166681,8.8909809688778,8.60751874418628,8.07252449062849,7.60111395294113,7.65320887492118,8.22494907213155,7.76755278039609,7.76761964475469,7.55287772221306,7.46664149036025
TEC,7.08568654807496,6.35950193527319,5.64351883986843,5.2597104516313,5.1486759879774,5.51526735736654,5.50011089929874,5.24099459283612,4.91581611508994,4.88832680236244,5.11189003890185,5.63243881604361,5.53228723402545,5.08695137391236,4.73887565517923,4.86624630870215,5.26358604616121,4.92272426494869,4.8301194234015,4.52435107505432,4.23874979226045
TGO,15.4058695261762,17.3325641240129,16.9609148487036,16.9297833739432,20.68166838543,21.3483480008088,21.077801220787,19.8649717432319,20.975947911624,19.1395466909651,19.3388381580273,18.9218601496344,20.385078914717,20.3155597844213,19.6494784155019,19.5145900500186,19.1725179891178,20.550806619999,21.2198485197121,21.3050482413181,21.3288248148543
THA,9.29111013904814,9.19435528237181,9.40199346621521,9.3476847010693,10.0724338253633,9.78703375942043,10.5221756369849,11.5917917775207,11.5041001535767,11.3222153379773,10.0889216151042,8.87272364786793,8.47807696285562,8.40641258665047,8.20181926195524,8.1285680400948,8.70285214673554,8.69291293050797,8.71945138441444,8.5627759867239,8.7111266189882
TJK,19.222350137013,21.1916853994949,21.4510669294712,19.4347255630877,19.8672841249223,18.5520032964103,19.5866775137511,23.8355098416752,23.3268165616333,21.32088784652,23.7737836738595,21.5905747207608,20.8569765086156,20.2832963188861,19.7719647842925,20.8670733588,22.6904308448361,22.4490805460825,22.9348537040845,22.8588621065173,
TKM,18.3554592251422,18.5319970886289,17.1978740617556,18.8548148148148,10.7216494845361,10.5153529707868,11.3405425561667,8.88435455800276,8.50146680237083,8.47439420658294,8.2954435522879,9.30653875928778,10.5274383259738,11.1178074761568,11.0415688363389,10.8113571045068,11.4920524061037,11.8079599602345,10.9344870689238,11.291652725482,12.1667430789981
TLA,6.12389390660889,5.6109160036101,5.35888570438473,5.49348994457361,5.62701643931968,5.65619835790547,5.54617684516198,5.61836723359967,5.26084946498488,5.56405404697627,5.60374814198843,5.61156753901474,6.20607463736339,5.88646680716367,5.66675851247072,5.69083360380651,6.88359925986874,7.24839666408359,6.88810103055837,6.82172115765525,6.77684674936527
TLS,30.7884120856639,28.912519189315,32.2042820006634,29.9974079471763,30.1555171644663,24.9628653860518,25.5964075072135,22.1602384152073,25.7964964541939,21.3199901661023,21.0507057054394,17.8277597138551,17.0630748051211,17.1293873843569,17.7713603889577,14.1291559454173,13.2621541684503,8.67018133853856,10.3246249601855,17.1798113250775,20.1605204711386
TMN,11.5564217481122,10.7093375894394,10.4843762048149,10.0040260059479,9.22239339654898,10.6157928975322,10.1611983152161,9.6659818433497,9.91785021306885,10.9608798178225,11.309486902121,12.2295635611794,11.6632333714605,11.4630774670388,11.6678965523793,11.8864858033317,12.8217342730639,12.4833113694205,11.860200676682,12.4436149465136,13.2866430293117
TON,20.2479896638834,17.7608711887512,15.7717863584054,16.7079851952487,14.7436009055831,15.5131326816281,16.4379858757354,17.0659562210843,16.6359974823467,17.0733080496623,16.3195864502861,16.8506630377007,16.6067318041161,16.8193763932722,17.2484111586777,18.5717317231686,17.0936648906636,16.5218698536287,17.4256261468486,18.9589256874773,
TSA,17.9321315131747,17.6689778127792,16.8648783060837,16.785086441848,16.849448668349,16.7600134372755,16.8930158905074,17.0366460242953,16.61438397213,16.7917603986718,16.4571378451147,15.8639854037471,15.840158325655,15.9809524259761,15.4635300677565,16.0202862799375,17.6272947129221,16.5532517639304,15.795939950266,15.5250404264479,15.6315608377676
TSS,15.1335224338036,15.0503143780196,15.1869640197821,15.6544494174601,16.9037027307719,17.2453891294277,15.8916307608059,14.6378615212266,15.1529490644339,15.2555300851108,15.5674809294389,16.3194810830291,16.4129142762294,15.737113236178,15.6943912249101,18.2462585717647,20.1524027992858,19.4467816142709,19.3834436394016,19.2369714001153,17.9547772160309
TTO,0.761483945963904,0.483999190377517,0.566876991369423,0.371661707526332,0.365514424327618,0.595145826393538,0.52014610527508,0.456542570355529,0.623861527345923,0.712770738302384,0.668563339608001,0.922053426020572,0.992434424479726,1.08634326162954,0.964517699370851,0.765052940992269,1.06202921275842,0.908362622380658,0.762815650228413,0.835855107201165,0.777630166856125
TUN,9.90254515493647,9.16983114804996,9.28070949947767,8.64201987385816,7.8486499786515,8.45660665471427,6.846146170059,7.57684450427472,8.30025725587419,7.96930864809374,8.57165956609159,9.20589918732503,8.52541115305462,8.986045690927,9.88852551876126,9.76625873287072,10.3917002295357,10.0900379034943,10.8217247722212,9.47367928951245,9.73863393101929
TUR,9.30334217653319,9.1349746278064,8.06197674009426,7.41825141005247,7.38022403324347,8.01952664747498,8.90737962747164,8.1265846445357,7.658344974583,6.64997261417217,6.53828042868413,6.87689834308907,6.26556196399699,6.19642323537778,6.00418639185492,6.6541535628227,6.89122590909685,5.70488171636816,6.69360961922604,6.38984597795627,5.82042467876951
TUV,17.6477419354839,19.4333333333333,21.659375,22.0794117647059,21.0105263157895,23.3388888888889,26.5142857142857,25.8263157894737,19.6247368421053,19.0145,18.2441860465116,15.9163265306122,,,,,,,,,
TZA,25.7058139887433,24.6488410843814,23.6693107278646,23.245488236772,24.7654938768997,26.0351903601219,25.582406886144,24.9768644460885,26.5509265207861,26.7908679172376,25.8025774475571,26.745885729563,27.4441425717754,28.7534809528128,27.868599477377,26.5943119516018,25.254901665343,24.7884506158783,24.2569694569552,23.6871473778631,23.3180780856465
UGA,21.6703526422179,25.0749361336647,24.0349329838703,22.2781136788689,21.3845985625607,34.872859937466,32.8680090776536,28.9692474777902,27.177257747558,26.0303237402959,24.8199759353437,23.4723696930371,22.6603227869887,23.4588353827426,23.2502935412734,22.9455088065564,23.9290337205103,23.8418038272172,24.0117220529553,24.0895746897278,24.618950598633
UKR,10.4370371199069,8.87530749467009,7.23906141043294,6.28300133403275,6.53540152136768,6.90539595920772,7.40220509822994,8.15022183877887,7.76131248389414,8.69230562102956,10.1546081548161,12.0593761063371,11.7257009089167,10.1776550393512,10.1395331070229,8.96518101437243,9.31015109807472,10.8857721063269,8.57297627041519,7.55194546256383,7.11116658934678
UMC,8.84746464474372,8.01745316948868,7.54501408401519,7.55652257779305,7.66820172302211,7.74549461760769,7.57534717591635,7.5026266650535,7.49515147615128,7.54977228983868,7.4441911616718,7.46172066330347,7.39072620652941,6.9501172735243,6.67268382686118,6.79121988438589,7.49517687345557,7.1732069998305,7.09964042291733,6.90424692168593,6.81397889145137
URY,10.9967908719866,8.74583674336276,8.91384522998833,8.49936418864264,9.16892403649034,7.88699609562802,7.20206450749149,8.82916199856249,8.12177248512393,7.61620062705491,6.73546217242537,6.13144194290358,6.67871966293107,5.40639904878287,5.823866393323,6.50279559696965,7.20670291373453,7.73426774499001,6.91840277577074,6.09100939846272,6.42188821840422
USA,1.26548363027696,1.1505065593333,1.00948718664602,1.07512397740734,1.05300059714298,0.960285892029002,1.02943733820679,1.20055910284662,1.14932964297306,1.32108416447024,1.17206510494526,1.03393378310334,0.942644552842604,0.946868677532138,0.903900642655548,0.838812891431208,0.948847431791134,0.959566656543433,,,
UZB,26.4440094608923,26.3310599495083,25.0794086599227,23.235899255055,19.6896057973097,18.6326849699042,26.9220273127255,29.698578103928,28.9635566978791,27.8106018166029,28.6963289476955,29.2207185669537,29.2766543055556,25.4562457149834,23.9262624393086,21.8419117411197,22.5277110093492,22.1547283093166,20.9737716891415,20.1676495950561,18.325982693232
VCT,5.85289384167699,6.59730508835995,6.14814293404524,5.95899436916071,6.0359091751918,6.34514264594716,6.26506875121356,6.33056361856909,6.15236356773518,6.54391422693896,6.55414786949357,6.26030041907991,6.75105293320355,6.76902554291306,7.10938187118093,7.00321360289631,8.64273688810065,5.2074867781098,4.63941650660287,4.20063280645518,3.54621278556935
VEN,3.71881718358774,3.69518323245945,3.6568046342889,3.81353938861893,4.15841611570505,5.6621777947414,5.37526516550554,5.01293006431094,,,,,,,,,,,,,
VGB,,,,,,,,,,,,,,,,,,,,,
VIR,,,,,,,,,,,,,,,,,,,,,
VNM,21.8076993514673,19.2999788840494,18.7267854535521,18.655099701709,20.4131439246507,19.1684598670425,15.3750906872381,16.2591484896283,16.199507640393,15.2156122465127,14.8803489262722,14.4747261789547,13.8182553730866,12.9298794852362,12.3066684310428,11.7845285540387,12.6554035685556,12.6030904652745,11.8802998302585,11.8616711588794,11.8634906983546
VUT,23.5987549935054,22.2744970798183,20.9849622513423,20.9592045067866,20.0140320398243,19.3907393648134,19.5427410917595,20.8591539075539,21.6186956898294,21.5212297048485,23.8356456208559,21.604386579386,20.9286066315946,21.3706830229642,21.2193984380427,21.1205211726384,22.868796996064,24.0840967862876,24.3052702502835,,
WLD,3.35185608558772,3.22585016627159,3.19904026756852,3.37766873086202,3.54020201944781,3.65443373456439,3.86441493626135,4.00501647340604,4.03964332103404,4.18166174789629,4.16465172320917,4.19752668077319,4.13730120082577,4.10190289387195,3.9337525774109,4.06809310777644,4.41058876301908,4.32946169434328,4.29021425382999,4.12661376471439,4.04871859432627
WSM,11.7403681062885,12.4865750417539,10.9860021831847,10.6649895462053,10.0298576357923,11.2374050203296,10.1420948693988,8.74914768052862,8.99062542491428,9.36698695177158,8.97743064055918,8.32395364948745,8.64439767739187,9.90757564175906,9.14766033843446,9.10454875149409,9.53642989262121,9.67170140141047,9.35673735856576,9.85408517045162,9.79503060602777
XKX,,,,,11.2611406776178,8.27613579615343,9.45683318489999,8.13256820161268,7.44545756610942,8.43161126110458,8.29870640805469,7.67716823366887,8.17152319317784,7.40871957581394,6.53116433269115,7.23866991904392,7.36200975780916,6.92330553068501,7.3926054610264,7.22045547613922,7.33520637426488
YEM,12.4153666524933,11.0932421339435,10.70558242967,10.419289027741,10.1968587173722,10.0190704935917,9.87370902755356,9.75264427533183,16.9903322750241,17.6849846837323,17.6765738204232,20.2059373997207,25.0909130885165,26.9610663621827,28.7451403146812,,,,,,
ZAF,2.411716114862,2.08511798972012,2.05097651238464,2.35591400504256,2.57248876696489,2.39949613487755,2.10778749314158,2.04389308620297,1.97670959546361,1.92684924597199,2.12574854869936,2.23397839045912,2.41418607394576,2.49379863849766,2.2607038266992,1.9503211452698,2.57866122238783,2.45787199667371,2.60577484985618,2.53517112309848,2.81119526983539
ZMB,15.5809428822284,14.5885513717285,13.2062710587766,12.1055962375597,11.4539997547605,11.5527836333973,9.42094610981773,9.64805782176724,9.32163953570601,8.22652318427817,6.77959785217865,4.98083656431146,6.22847198956029,4.0242711937365,3.34112399209449,2.86077493680796,2.97263384548847,3.00091831533747,3.09401583407622,2.23012034259343,2.83370764465019
ZWE,18.0640440733408,17.1493075153041,19.2316519025107,21.1955238679824,19.018786781349,10.7437375591345,9.60967815567222,8.66645403643065,8.04450024819692,7.14500739499758,8.74496936761426,8.28483096141089,7.87358488271703,7.24788152959223,7.31920056282215,22.7056524805476,20.8470510913708,21.4856530160599,17.0612308931471,11.4948694011417,8.68845082778603
